,보호소이름,상세주소,주소,위도,경도
0,울산유기동물보호센터,울산광역시 울주군 온양읍 화산발리로 543  ,울산광역시 울주군 온양읍 화산발리로 543  ,35.38144,129.28532
1,베스트동물병원,"인천광역시 강화군 강화읍 강화대로 217 (강화읍, 린나이보일러) ","인천광역시 강화군 강화읍 강화대로 217 (강화읍, 린나이보일러) ",0.0,0.0
2,(사)하얀비둘기,부산광역시 강서구 제도로 726 (강동동) ,부산광역시 강서구 제도로 726 (강동동) ,35.2145482,128.9352717
3,유기동물임시보호센터,전라남도 완도군 신지면 신지로6번길 23-89 (신지면) ,전라남도 완도군 신지면 신지로6번길 23-89 (신지면) ,0.0,0.0
4,유기동물임시보호센터,전라남도 완도군 신지면 신지로6번길 23-89 (신지면) ,전라남도 완도군 신지면 신지로6번길 23-89 (신지면) ,0.0,0.0
5,부안군 동물보호센터,전북특별자치도 부안군 주산면 주산로 369  부안군 동물보호센터,전북특별자치도 부안군 주산면 주산로 369  부안군 동물보호센터,0.0,0.0
6,부안군 동물보호센터,전북특별자치도 부안군 주산면 주산로 369  부안군 동물보호센터,전북특별자치도 부안군 주산면 주산로 369  부안군 동물보호센터,0.0,0.0
7,제일동물병원,충청남도 금산군 금산읍 비단로 59  ,충청남도 금산군 금산읍 비단로 59  ,36.1098015,127.4902537
8,가정견훈련소,충청북도 증평군 도안면 입장길 239  ,충청북도 증평군 도안면 입장길 239  ,0.0,0.0
9,삼척시동물보호센터,강원도 삼척시 미로면 동안로 86-45  ,강원도 삼척시 미로면 동안로 86-45  ,37.4241195,129.1106255
10,구리반려동물문화센터,경기도 구리시 동구릉로136번길 57 (인창동) 2층,경기도 구리시 동구릉로136번길 57 (인창동) 2층,0.0,0.0
11,유기동물및관리협회,부산광역시 강서구 가락대로1283번길 25-2 (봉림동) (사)유기동물및보호관리협회,부산광역시 강서구 가락대로1283번길 25-2 (봉림동) (사)유기동물및보호관리협회,0.0,0.0
12,유기동물및관리협회,부산광역시 강서구 가락대로1283번길 25-2 (봉림동) (사)유기동물및보호관리협회,부산광역시 강서구 가락대로1283번길 25-2 (봉림동) (사)유기동물및보호관리협회,0.0,0.0
13,종합축산,경상북도 문경시 중앙로 170 (흥덕동) 종합축산,경상북도 문경시 중앙로 170 (흥덕동) 종합축산,0.0,0.0
14,나주유기동물보호센터,전라남도 나주시 산포면 내기3길 71-43 [*미고시] ,전라남도 나주시 산포면 내기3길 71-43 [*미고시] ,0.0,0.0
15,나주유기동물보호센터,전라남도 나주시 산포면 내기3길 71-43 [*미고시] ,전라남도 나주시 산포면 내기3길 71-43 [*미고시] ,0.0,0.0
16,나주유기동물보호센터,전라남도 나주시 산포면 내기3길 71-43 [*미고시] ,전라남도 나주시 산포면 내기3길 71-43 [*미고시] ,0.0,0.0
17,나주유기동물보호센터,전라남도 나주시 산포면 내기3길 71-43 [*미고시] ,전라남도 나주시 산포면 내기3길 71-43 [*미고시] ,0.0,0.0
18,나주유기동물보호센터,전라남도 나주시 산포면 내기3길 71-43 [*미고시] ,전라남도 나주시 산포면 내기3길 71-43 [*미고시] ,0.0,0.0
19,익산유기동물보호소,전북특별자치도 익산시 서동로42길 77 (용제동) 16통 1반,전북특별자치도 익산시 서동로42길 77 (용제동) 16통 1반,0.0,0.0
20,익산유기동물보호소,전북특별자치도 익산시 서동로42길 77 (용제동) 16통 1반,전북특별자치도 익산시 서동로42길 77 (용제동) 16통 1반,0.0,0.0
21,익산유기동물보호소,전북특별자치도 익산시 서동로42길 77 (용제동) 16통 1반,전북특별자치도 익산시 서동로42길 77 (용제동) 16통 1반,0.0,0.0
22,군산유기동물보호센터,전라북도 군산시 대야면 보덕안정길 108-20  ,전라북도 군산시 대야면 보덕안정길 108-20  ,0.0,0.0
23,예산동물보호센터,충청남도 예산군 예산읍 아리랑로 236  지하1층,충청남도 예산군 예산읍 아리랑로 236  지하1층,0.0,0.0
24,예산동물보호센터,충청남도 예산군 예산읍 아리랑로 236  지하1층,충청남도 예산군 예산읍 아리랑로 236  지하1층,0.0,0.0
25,예산동물보호센터,충청남도 예산군 예산읍 아리랑로 236  지하1층,충청남도 예산군 예산읍 아리랑로 236  지하1층,0.0,0.0
26,예산동물보호센터,충청남도 예산군 예산읍 아리랑로 236  지하1층,충청남도 예산군 예산읍 아리랑로 236  지하1층,0.0,0.0
27,예산동물보호센터,충청남도 예산군 예산읍 아리랑로 236  지하1층,충청남도 예산군 예산읍 아리랑로 236  지하1층,0.0,0.0
28,예산동물보호센터,충청남도 예산군 예산읍 아리랑로 236  지하1층,충청남도 예산군 예산읍 아리랑로 236  지하1층,0.0,0.0
29,금일동물보호센터,충청남도 홍성군 홍동면 충절로 625 (홍동면) ,충청남도 홍성군 홍동면 충절로 625 (홍동면) ,0.0,0.0
30,아산동물복지지원센터,충청남도 아산시 환경공원로 158 (배미동) ,충청남도 아산시 환경공원로 158 (배미동) ,0.0,0.0
31,천안시 동물보호센터,"충청남도 천안시 동남구 목천읍 충절로 577  문의전화 : 입양(010-5913-5119), 구조(010-4999-6119)","충청남도 천안시 동남구 목천읍 충절로 577  문의전화 : 입양(010-5913-5119), 구조(010-4999-6119)",0.0,0.0
32,원주유기동물보호센터,강원도 원주시 호저면 칠봉로 110-6 ,강원도 원주시 호저면 칠봉로 110-6 ,37.4133886,127.9193008
33,한국야생동물보호협회,경기도 안산시 상록구 청곡길 50 (부곡동) ,경기도 안산시 상록구 청곡길 50 (부곡동) ,0.0,0.0
34,남양주시동물보호센터,경기도 남양주시 경강로163번길 32-27 (이패동) ,경기도 남양주시 경강로163번길 32-27 (이패동) ,0.0,0.0
35,고양시동물보호센터,"경기도 고양시 덕양구 고양대로 1695 (원흥동, 고양시 농업기술센터) 고양시동물보호센터","경기도 고양시 덕양구 고양대로 1695 (원흥동, 고양시 농업기술센터) 고양시동물보호센터",0.0,0.0
36,한국동물구조관리협회,경기도 양주시 남면 감악산로 63-37 (남면) ,경기도 양주시 남면 감악산로 63-37 (남면) ,0.0,0.0
37,수원시 동물보호센터,"경기도 수원시 영통구 광교호수로 234 (하동, 수원시 동물보호센터) 하동 40-10","경기도 수원시 영통구 광교호수로 234 (하동, 수원시 동물보호센터) 하동 40-10",0.0,0.0
38,수원시 동물보호센터,"경기도 수원시 영통구 광교호수로 234 (하동, 수원시 동물보호센터) 하동 40-10","경기도 수원시 영통구 광교호수로 234 (하동, 수원시 동물보호센터) 하동 40-10",0.0,0.0
39,울산유기동물보호센터,울산광역시 울주군 온양읍 발리 1144,울산광역시 울주군 온양읍 발리 1144,0.0,0.0
40,대전동물보호센터,대전광역시 유성구 금남구즉로 1234 (금고동) 대전광역시 동물보호센터,대전광역시 유성구 금남구즉로 1234 (금고동) 대전광역시 동물보호센터,0.0,0.0
41,신영재동물병원,인천광역시 계양구 장제로 923 (병방동) ,인천광역시 계양구 장제로 923 (병방동) ,0.0,0.0
42,신영재동물병원,인천광역시 계양구 장제로 923 (병방동) ,인천광역시 계양구 장제로 923 (병방동) ,0.0,0.0
43,인천광역시수의사회,"인천광역시 계양구 다남로165번길 56 (다남동, 유기동물보호소) ","인천광역시 계양구 다남로165번길 56 (다남동, 유기동물보호소) ",0.0,0.0
44,인천광역시수의사회,"인천광역시 계양구 다남로165번길 56 (다남동, 유기동물보호소) ","인천광역시 계양구 다남로165번길 56 (다남동, 유기동물보호소) ",0.0,0.0
45,화원연합동물병원,대구광역시 달성군 화원읍 사문진로 447 (화원읍) 화원읍 관할,대구광역시 달성군 화원읍 사문진로 447 (화원읍) 화원읍 관할,0.0,0.0
46,(사)동부동물보호협회,부산광역시 해운대구 송정동 85-1,부산광역시 해운대구 송정동 85-1,35.1836256,129.2021692
47,한국동물구조관리협회,경기도 양주시 남면 감악산로 63-37 (남면) ,경기도 양주시 남면 감악산로 63-37 (남면) ,0.0,0.0
48,한국동물구조관리협회,경기도 양주시 남면 감악산로 63-37 (남면) ,경기도 양주시 남면 감악산로 63-37 (남면) ,0.0,0.0
49,한국동물구조관리협회,경기도 양주시 남면 감악산로 63-37 ,경기도 양주시 남면 감악산로 63-37 ,0.0,0.0
50,웰케어 동물병원,"서울특별시 마포구 월드컵북로 27 (서교동, 이화빌딩) 서교동447-2","서울특별시 마포구 월드컵북로 27 (서교동, 이화빌딩) 서교동447-2",0.0,0.0
51,한국동물구조관리협회,경기도 양주시 남면 상수리 410-1,경기도 양주시 남면 상수리 410-1,0.0,0.0
52,창원유기동물보호소,"경상남도 창원시 의창구 창이대로 71 (명서동, 창원시농업기술센터) 축산과","경상남도 창원시 의창구 창이대로 71 (명서동, 창원시농업기술센터) 축산과",0.0,0.0
53,창원유기동물보호소,"경상남도 창원시 의창구 창이대로 71 (명서동, 창원시농업기술센터) 축산과","경상남도 창원시 의창구 창이대로 71 (명서동, 창원시농업기술센터) 축산과",0.0,0.0
54,거제시유기동물보호소,"경상남도 거제시 사등면 두동로1길 109 (사등면, 한국자원재생공사폐비닐적재장) 거제시유기동물보호소","경상남도 거제시 사등면 두동로1길 109 (사등면, 한국자원재생공사폐비닐적재장) 거제시유기동물보호소",0.0,0.0
55,진해유기동물보호소,경상남도 창원시 진해구 웅천로 218 (성내동) 도시농업과 부지 내,경상남도 창원시 진해구 웅천로 218 (성내동) 도시농업과 부지 내,0.0,0.0
56,진해유기동물보호소,경상남도 창원시 진해구 웅천로 218 (성내동) 도시농업과 부지 내,경상남도 창원시 진해구 웅천로 218 (성내동) 도시농업과 부지 내,0.0,0.0
57,진주시동물보호센터,"경상남도 진주시 집현면 신당길207번길 22 (집현면, 지역농업개발시설) ","경상남도 진주시 집현면 신당길207번길 22 (집현면, 지역농업개발시설) ",0.0,0.0
58,마산유기동물보호소,경상남도 창원시 마산합포구 진북면 지산2길 139-112 226-19,경상남도 창원시 마산합포구 진북면 지산2길 139-112 226-19,0.0,0.0
59,마산유기동물보호소,경상남도 창원시 마산합포구 진북면 지산2길 139-112 226-19,경상남도 창원시 마산합포구 진북면 지산2길 139-112 226-19,0.0,0.0
60,마산유기동물보호소,경상남도 창원시 마산합포구 진북면 지산2길 139-112 226-19,경상남도 창원시 마산합포구 진북면 지산2길 139-112 226-19,0.0,0.0
61,마산유기동물보호소,경상남도 창원시 마산합포구 진북면 지산2길 139-112 226-19,경상남도 창원시 마산합포구 진북면 지산2길 139-112 226-19,0.0,0.0
62,상주시 동물보호센터,경상북도 상주시 청리면 남상주로 1205-59  ,경상북도 상주시 청리면 남상주로 1205-59  ,36.3305601,128.1237081
63,상주시 동물보호센터,경상북도 상주시 청리면 남상주로 1205-59  ,경상북도 상주시 청리면 남상주로 1205-59  ,36.3305601,128.1237081
64,상주시 동물보호센터,경상북도 상주시 청리면 남상주로 1205-59  ,경상북도 상주시 청리면 남상주로 1205-59  ,36.3305601,128.1237081
65,상주시 동물보호센터,경상북도 상주시 청리면 남상주로 1205-59  ,경상북도 상주시 청리면 남상주로 1205-59  ,36.3305601,128.1237081
66,상주시 동물보호센터,경상북도 상주시 청리면 남상주로 1205-59  ,경상북도 상주시 청리면 남상주로 1205-59  ,36.3305601,128.1237081
67,상주시 동물보호센터,경상북도 상주시 청리면 남상주로 1205-59  ,경상북도 상주시 청리면 남상주로 1205-59  ,36.3305601,128.1237081
68,김천시 동물보호센터,경상북도 김천시 구성면 남김천대로 3296-22  하강리 44(김천시 유기동물보호센터),경상북도 김천시 구성면 남김천대로 3296-22  하강리 44(김천시 유기동물보호센터),0.0,0.0
69,(사)영일동물플러스,경상북도 포항시 북구 흥해읍 덕장길 224 (흥해읍) ,경상북도 포항시 북구 흥해읍 덕장길 224 (흥해읍) ,0.0,0.0
70,(사)영일동물플러스,경상북도 포항시 북구 흥해읍 덕장길 224 (흥해읍) ,경상북도 포항시 북구 흥해읍 덕장길 224 (흥해읍) ,0.0,0.0
71,(사)영일동물플러스,경상북도 포항시 북구 흥해읍 덕장길 224 (흥해읍) ,경상북도 포항시 북구 흥해읍 덕장길 224 (흥해읍) ,0.0,0.0
72,(사)영일동물플러스,경상북도 포항시 북구 흥해읍 덕장길 224 (흥해읍) ,경상북도 포항시 북구 흥해읍 덕장길 224 (흥해읍) ,0.0,0.0
73,학교동물임시보호센터,전라남도 함평군 학교면 송산길 84 (학교면) 월산리 806-1 ,전라남도 함평군 학교면 송산길 84 (학교면) 월산리 806-1 ,0.0,0.0
74,목포시유기동물보호소,전라남도 무안군 삼향읍 석매길 21-3  ,전라남도 무안군 삼향읍 석매길 21-3  ,0.0,0.0
75,목포시유기동물보호소,전라남도 무안군 삼향읍 석매길 21-3  ,전라남도 무안군 삼향읍 석매길 21-3  ,0.0,0.0
76,링크늘푸른동물병원,전라북도 전주시 완산구 서원로 225 (중화산동2가) ,전라북도 전주시 완산구 서원로 225 (중화산동2가) ,0.0,0.0
77,강릉시 동물사랑센터,강원도 강릉시 성산면 내맬길 172  ,강원도 강릉시 성산면 내맬길 172  ,37.706784,128.8234942
78,강릉시 동물사랑센터,강원도 강릉시 성산면 내맬길 172  ,강원도 강릉시 성산면 내맬길 172  ,37.706784,128.8234942
79,펫앤쉘터동물병원,"경기도 성남시 분당구 불정로 266 (수내동, 유신제일조합) ","경기도 성남시 분당구 불정로 266 (수내동, 유신제일조합) ",0.0,0.0
80,펫앤쉘터동물병원,"경기도 성남시 분당구 불정로 266 (수내동, 유신제일조합) ","경기도 성남시 분당구 불정로 266 (수내동, 유신제일조합) ",0.0,0.0
81,광주 동물보호소,광주광역시 북구 본촌마을길 27 (본촌동) 광주광역시 동물보호소,광주광역시 북구 본촌마을길 27 (본촌동) 광주광역시 동물보호소,0.0,0.0
82,광주 동물보호소,광주광역시 북구 본촌마을길 27 (본촌동) 광주광역시 동물보호소,광주광역시 북구 본촌마을길 27 (본촌동) 광주광역시 동물보호소,0.0,0.0
83,광주 동물보호소,광주광역시 북구 본촌마을길 27 (본촌동) 광주광역시 동물보호소,광주광역시 북구 본촌마을길 27 (본촌동) 광주광역시 동물보호소,0.0,0.0
84,제니스동물병원,대구광역시 수성구 달구벌대로 2475 (범어동) ,대구광역시 수성구 달구벌대로 2475 (범어동) ,0.0,0.0
85,아산동물복지지원센터,충청남도 아산시 환경공원로 158 (배미동) ,충청남도 아산시 환경공원로 158 (배미동) ,0.0,0.0
86,울산유기동물보호센터,울산광역시 울주군 온양읍 발리 1144,울산광역시 울주군 온양읍 발리 1144,0.0,0.0
87,울산유기동물보호센터,울산광역시 울주군 온양읍 화산발리로 543  ,울산광역시 울주군 온양읍 화산발리로 543  ,35.38144,129.28532
88,담양군 동물보호센터,전라남도 담양군 용면 시암골로 280-57 (용면) :용면 두장리 21번지,전라남도 담양군 용면 시암골로 280-57 (용면) :용면 두장리 21번지,0.0,0.0
89,아산동물복지지원센터,충청남도 아산시 환경공원로 158 (배미동) ,충청남도 아산시 환경공원로 158 (배미동) ,0.0,0.0
90,아산동물복지지원센터,충청남도 아산시 환경공원로 158 (배미동) ,충청남도 아산시 환경공원로 158 (배미동) ,0.0,0.0
91,하남동물보호센터,경기도 하남시 미사동로40번길 75-91 (미사동) ,경기도 하남시 미사동로40번길 75-91 (미사동) ,0.0,0.0
92,울산유기동물보호센터,울산광역시 울주군 온양읍 화산발리로 543 (온양읍) ,울산광역시 울주군 온양읍 화산발리로 543 (온양읍) ,0.0,0.0
93,한국동물구조관리협회,경기도 양주시 남면 감악산로 63-48  ,경기도 양주시 남면 감악산로 63-48  ,0.0,0.0
94,한국동물구조관리협회,경기도 양주시 남면 감악산로 63-37 (남면) ,경기도 양주시 남면 감악산로 63-37 (남면) ,0.0,0.0
95,양산시 동물보호센터,경상남도 양산시 동면 석산리 392 양산시농업기술센터,경상남도 양산시 동면 석산리 392 양산시농업기술센터,0.0,0.0
96,양산시 동물보호센터,경상남도 양산시 동면 석산리 392 양산시농업기술센터,경상남도 양산시 동면 석산리 392 양산시농업기술센터,0.0,0.0
97,양산시 동물보호센터,경상남도 양산시 동면 석산리 392 양산시농업기술센터,경상남도 양산시 동면 석산리 392 양산시농업기술센터,0.0,0.0
98,양산시 동물보호센터,경상남도 양산시 동면 석산리 392 양산시농업기술센터,경상남도 양산시 동면 석산리 392 양산시농업기술센터,0.0,0.0
99,나주유기동물보호센터,전라남도 나주시 산포면 내기3길 71-43 [*미고시] ,전라남도 나주시 산포면 내기3길 71-43 [*미고시] ,0.0,0.0
100,나주유기동물보호센터,전라남도 나주시 산포면 내기3길 71-43 [*미고시] ,전라남도 나주시 산포면 내기3길 71-43 [*미고시] ,0.0,0.0
101,나주유기동물보호센터,전라남도 나주시 산포면 내기3길 71-43 [*미고시] ,전라남도 나주시 산포면 내기3길 71-43 [*미고시] ,0.0,0.0
102,나주유기동물보호센터,전라남도 나주시 산포면 내기3길 71-43 [*미고시] ,전라남도 나주시 산포면 내기3길 71-43 [*미고시] ,0.0,0.0
103,나주유기동물보호센터,전라남도 나주시 산포면 내기3길 71-43 [*미고시] ,전라남도 나주시 산포면 내기3길 71-43 [*미고시] ,0.0,0.0
104,익산유기동물보호소,전북특별자치도 익산시 서동로42길 77 (용제동) 16통 1반,전북특별자치도 익산시 서동로42길 77 (용제동) 16통 1반,0.0,0.0
105,군산유기동물보호센터,전라북도 군산시 대야면 보덕안정길 108-20  ,전라북도 군산시 대야면 보덕안정길 108-20  ,0.0,0.0
106,예산동물보호센터,충청남도 예산군 예산읍 아리랑로 236  지하1층,충청남도 예산군 예산읍 아리랑로 236  지하1층,0.0,0.0
107,제일동물병원,충청남도 금산군 금산읍 비단로 59  ,충청남도 금산군 금산읍 비단로 59  ,36.1098015,127.4902537
108,제일동물병원,충청남도 금산군 금산읍 비단로 59  ,충청남도 금산군 금산읍 비단로 59  ,36.1098015,127.4902537
109,더가까운동물병원,충청북도 보은군 보은읍 뱃들로 47  ,충청북도 보은군 보은읍 뱃들로 47  ,36.487531,127.72362
110,더가까운동물병원,충청북도 보은군 보은읍 뱃들로 47  ,충청북도 보은군 보은읍 뱃들로 47  ,36.487531,127.72362
111,더가까운동물병원,충청북도 보은군 보은읍 뱃들로 47  ,충청북도 보은군 보은읍 뱃들로 47  ,36.487531,127.72362
112,더가까운동물병원,충청북도 보은군 보은읍 뱃들로 47  ,충청북도 보은군 보은읍 뱃들로 47  ,36.487531,127.72362
113,유기견임시보호소,강원도 고성군 간성읍 꽃내마루길 53-49  ,강원도 고성군 간성읍 꽃내마루길 53-49  ,0.0,0.0
114,원주유기동물보호센터,강원도 원주시 호저면 칠봉로 110-6 ,강원도 원주시 호저면 칠봉로 110-6 ,37.4133886,127.9193008
115,한국야생동물보호협회,경기도 안산시 상록구 청곡길 50 (부곡동) 안산시 상록구 부곡동 231-5,경기도 안산시 상록구 청곡길 50 (부곡동) 안산시 상록구 부곡동 231-5,0.0,0.0
116,한국야생동물보호협회,경기도 안산시 상록구 청곡길 50 (부곡동) 안산시 상록구 부곡동 231-5,경기도 안산시 상록구 청곡길 50 (부곡동) 안산시 상록구 부곡동 231-5,0.0,0.0
117,짱구네동물병원,인천광역시 부평구 평천로 356 (갈산동) ,인천광역시 부평구 평천로 356 (갈산동) ,0.0,0.0
118,경동동물병원,인천광역시 중구 개항로 68 (경동) ,인천광역시 중구 개항로 68 (경동) ,0.0,0.0
119,경동동물병원,인천광역시 중구 개항로 68 (경동) ,인천광역시 중구 개항로 68 (경동) ,0.0,0.0
120,화원연합동물병원,대구광역시 달성군 화원읍 사문진로 447 (화원읍) 화원읍 관할,대구광역시 달성군 화원읍 사문진로 447 (화원읍) 화원읍 관할,0.0,0.0
121,동부동물보호협회,부산광역시 해운대구 송정2로13번길 46 (송정동) ,부산광역시 해운대구 송정2로13번길 46 (송정동) ,0.0,0.0
122,동물보호관리협회,부산광역시 강서구 가락대로1283번길 25-2 (봉림동) ,부산광역시 강서구 가락대로1283번길 25-2 (봉림동) ,0.0,0.0
123,한국동물구조관리협회,경기도 양주시 남면 감악산로 63-37 (남면) 한국동물구조관리협회,경기도 양주시 남면 감악산로 63-37 (남면) 한국동물구조관리협회,0.0,0.0
124,한국동물구조관리협회,경기도 양주시 남면 감악산로 63-37  ,경기도 양주시 남면 감악산로 63-37  ,0.0,0.0
125,한국동물구조관리협회,경기도 양주시 남면 감악산로 63-37 (남면) ,경기도 양주시 남면 감악산로 63-37 (남면) ,0.0,0.0
126,한국동물구조관리협회,경기도 양주시 남면 감악산로 63-37 ,경기도 양주시 남면 감악산로 63-37 ,0.0,0.0
127,한국동물구조관리협회,경기도 양주시 남면 감악산로 63-37 ,경기도 양주시 남면 감악산로 63-37 ,0.0,0.0
128,거창유기동물보호센터,경상남도 거창군 남상면 수남로 1934-12  ,경상남도 거창군 남상면 수남로 1934-12  ,35.62066,127.88759
129,거창유기동물보호센터,경상남도 거창군 남상면 수남로 1934-12  ,경상남도 거창군 남상면 수남로 1934-12  ,35.62066,127.88759
130,대전동물보호센터,대전광역시 유성구 금남구즉로 1234 (금고동) 대전광역시 동물보호센터,대전광역시 유성구 금남구즉로 1234 (금고동) 대전광역시 동물보호센터,0.0,0.0
131,칠곡유기동물보호센터,경상북도 칠곡군 석적읍 포망로 341 (석적읍) ,경상북도 칠곡군 석적읍 포망로 341 (석적읍) ,0.0,0.0
132,영덕유기동물보호센터,경상북도 영덕군 영덕읍 구미2길 14-1 (영덕읍) 영덕군유기동물보호센터,경상북도 영덕군 영덕읍 구미2길 14-1 (영덕읍) 영덕군유기동물보호센터,0.0,0.0
133,경산시유기동물보호소,경상북도 경산시 용성면 사양지길 95 (용성면) ,경상북도 경산시 용성면 사양지길 95 (용성면) ,0.0,0.0
134,경산시유기동물보호소,경상북도 경산시 용성면 사양지길 95 (용성면) ,경상북도 경산시 용성면 사양지길 95 (용성면) ,0.0,0.0
135,구미시 동물보호센터,경상북도 구미시 해평면 낙동대로 2206  ,경상북도 구미시 해평면 낙동대로 2206  ,36.2254166,128.3621271
136,구미시 동물보호센터,경상북도 구미시 해평면 낙동대로 2206  ,경상북도 구미시 해평면 낙동대로 2206  ,36.2254166,128.3621271
137,(사)영일동물플러스,경상북도 포항시 북구 흥해읍 덕장길 224 (흥해읍) ,경상북도 포항시 북구 흥해읍 덕장길 224 (흥해읍) ,0.0,0.0
138,목포시유기동물보호소,전라남도 무안군 삼향읍 석매길 21-3  ,전라남도 무안군 삼향읍 석매길 21-3  ,0.0,0.0
139,목포시유기동물보호소,전라남도 무안군 삼향읍 석매길 21-3  ,전라남도 무안군 삼향읍 석매길 21-3  ,0.0,0.0
140,인월동물병원,전북특별자치도 남원시 인월면 인월로 64  ,전북특별자치도 남원시 인월면 인월로 64  ,35.46248,127.60816
141,링크늘푸른동물병원,전라북도 전주시 완산구 서원로 225 (중화산동2가) ,전라북도 전주시 완산구 서원로 225 (중화산동2가) ,0.0,0.0
142,반려동물보호센터,충청북도 청주시 흥덕구 강내면 서부로 411-55 (강내면) ,충청북도 청주시 흥덕구 강내면 서부로 411-55 (강내면) ,0.0,0.0
143,반려동물보호센터,충청북도 청주시 흥덕구 강내면 서부로 411-55 (강내면) ,충청북도 청주시 흥덕구 강내면 서부로 411-55 (강내면) ,0.0,0.0
144,반려동물보호센터,충청북도 청주시 흥덕구 강내면 서부로 411-55 (강내면) ,충청북도 청주시 흥덕구 강내면 서부로 411-55 (강내면) ,0.0,0.0
145,반려동물보호센터,충청북도 청주시 흥덕구 강내면 서부로 411-55 (강내면) ,충청북도 청주시 흥덕구 강내면 서부로 411-55 (강내면) ,0.0,0.0
146,충주시동물보호센터,충청북도 충주시 중앙탑면 일곱실길 70 (중앙탑면) ,충청북도 충주시 중앙탑면 일곱실길 70 (중앙탑면) ,0.0,0.0
147,위더스 동물보호센터,경기도 여주시 능서면 능서공원길 34 (능서면) ,경기도 여주시 능서면 능서공원길 34 (능서면) ,0.0,0.0
148,광주TNR동물병원초월,경기도 광주시 초월읍 현산로385번길 74-12 (초월읍) ,경기도 광주시 초월읍 현산로385번길 74-12 (초월읍) ,0.0,0.0
149,광주TNR동물병원초월,경기도 광주시 초월읍 현산로385번길 74-12 (초월읍) ,경기도 광주시 초월읍 현산로385번길 74-12 (초월읍) ,0.0,0.0
150,오산 유기동물보호소,경기도 오산시 성호대로 36 (오산동) ,경기도 오산시 성호대로 36 (오산동) ,0.0,0.0
151,오산 유기동물보호소,경기도 오산시 성호대로 36 (오산동) ,경기도 오산시 성호대로 36 (오산동) ,0.0,0.0
152,남양주시동물보호센터,경기도 남양주시 경강로163번길 32-27 (이패동) ,경기도 남양주시 경강로163번길 32-27 (이패동) ,0.0,0.0
153,고양시동물보호센터,"경기도 고양시 덕양구 고양대로 1695 (원흥동, 고양시 농업기술센터) 고양시동물보호센터","경기도 고양시 덕양구 고양대로 1695 (원흥동, 고양시 농업기술센터) 고양시동물보호센터",0.0,0.0
154,24시아이동물메디컬,경기도 부천시 오정구 소사로 779 (원종동) 201호,경기도 부천시 오정구 소사로 779 (원종동) 201호,0.0,0.0
155,펫앤쉘터동물병원,"경기도 성남시 분당구 불정로 266 (수내동, 유신제일조합) ","경기도 성남시 분당구 불정로 266 (수내동, 유신제일조합) ",0.0,0.0
156,광주 동물보호소,광주광역시 북구 본촌마을길 27 (본촌동) 광주광역시 동물보호소,광주광역시 북구 본촌마을길 27 (본촌동) 광주광역시 동물보호소,0.0,0.0
157,광주 동물보호소,광주광역시 북구 본촌마을길 27 (본촌동) 광주광역시 동물보호소,광주광역시 북구 본촌마을길 27 (본촌동) 광주광역시 동물보호소,0.0,0.0
158,가정동물병원,인천광역시 서구 가정로 346 (가정동) ,인천광역시 서구 가정로 346 (가정동) ,0.0,0.0
159,가정동물병원,인천광역시 서구 가정로 346 (가정동) ,인천광역시 서구 가정로 346 (가정동) ,0.0,0.0
160,군위종합동물병원,대구광역시 군위군 군위읍 중앙1길 15  1층,대구광역시 군위군 군위읍 중앙1길 15  1층,0.0,0.0
161,제니스동물병원,대구광역시 수성구 달구벌대로 2475 (범어동) ,대구광역시 수성구 달구벌대로 2475 (범어동) ,0.0,0.0
162,고성군유기동물보호소,경상남도 고성군 고성읍 남해안대로 2829-60  고성군농업기술센터 동물보호센터,경상남도 고성군 고성읍 남해안대로 2829-60  고성군농업기술센터 동물보호센터,0.0,0.0
163,남양동물보호센터,경기도 화성시 남양읍 화성로 1483-27 (남양읍) ,경기도 화성시 남양읍 화성로 1483-27 (남양읍) ,0.0,0.0
164,울산유기동물보호센터,울산광역시 울주군 온양읍 화산발리로 543  ,울산광역시 울주군 온양읍 화산발리로 543  ,35.38144,129.28532
165,장성군동물보호센터,전라남도 장성군 삼서면 대중길 29-27  ,전라남도 장성군 삼서면 대중길 29-27  ,0.0,0.0
166,증평 가정견 훈련소,충청북도 증평군 도안면 입장길 239  ,충청북도 증평군 도안면 입장길 239  ,0.0,0.0
167,삼척시동물보호센터,강원도 삼척시 미로면 동안로 86-45  ,강원도 삼척시 미로면 동안로 86-45  ,37.4241195,129.1106255
168,삼척시동물보호센터,강원도 삼척시 미로면 동안로 86-45  ,강원도 삼척시 미로면 동안로 86-45  ,37.4241195,129.1106255
169,삼척시동물보호센터,강원도 삼척시 미로면 동안로 86-45  ,강원도 삼척시 미로면 동안로 86-45  ,37.4241195,129.1106255
170,대전동물보호센터,대전광역시 유성구 금남구즉로 1234 (금고동) 대전광역시 동물보호센터,대전광역시 유성구 금남구즉로 1234 (금고동) 대전광역시 동물보호센터,0.0,0.0
171,대전동물보호센터,대전광역시 유성구 금남구즉로 1234 (금고동) 대전광역시 동물보호센터,대전광역시 유성구 금남구즉로 1234 (금고동) 대전광역시 동물보호센터,0.0,0.0
172,대전동물보호센터,대전광역시 유성구 금남구즉로 1234 (금고동) 대전광역시 동물보호센터,대전광역시 유성구 금남구즉로 1234 (금고동) 대전광역시 동물보호센터,0.0,0.0
173,대전동물보호센터,대전광역시 유성구 금남구즉로 1234 (금고동) 대전광역시 동물보호센터,대전광역시 유성구 금남구즉로 1234 (금고동) 대전광역시 동물보호센터,0.0,0.0
174,대전동물보호센터,대전광역시 유성구 금남구즉로 1234 (금고동) 대전광역시 동물보호센터,대전광역시 유성구 금남구즉로 1234 (금고동) 대전광역시 동물보호센터,0.0,0.0
175,대전동물보호센터,대전광역시 유성구 금남구즉로 1234 (금고동) 대전광역시 동물보호센터,대전광역시 유성구 금남구즉로 1234 (금고동) 대전광역시 동물보호센터,0.0,0.0
176,신영재동물병원,인천광역시 계양구 장제로 923 (병방동) ,인천광역시 계양구 장제로 923 (병방동) ,0.0,0.0
177,횡성유기동물보호센터,강원도 원주시 호저면 칠봉로 110-6  ,강원도 원주시 호저면 칠봉로 110-6  ,37.4133886,127.9193008
178,의령군 동물보호센터,경상남도 의령군 의령읍 남강로 485-75  ,경상남도 의령군 의령읍 남강로 485-75  ,0.0,0.0
179,통영시동물보호센터,경상남도 통영시 광도면 전두1길 9-8  ,경상남도 통영시 광도면 전두1길 9-8  ,0.0,0.0
180,남부여동물보호소,충청남도 부여군 임천면 위덕로47번길 36-12  (점리),충청남도 부여군 임천면 위덕로47번길 36-12  (점리),0.0,0.0
181,아산동물복지지원센터,충청남도 아산시 환경공원로 158 (배미동) ,충청남도 아산시 환경공원로 158 (배미동) ,0.0,0.0
182,아산동물복지지원센터,충청남도 아산시 환경공원로 158 (배미동) ,충청남도 아산시 환경공원로 158 (배미동) ,0.0,0.0
183,보령시유기동물보호소,충청남도 보령시 녹문3길 7 (내항동) ,충청남도 보령시 녹문3길 7 (내항동) ,0.0,0.0
184,보령시유기동물보호소,충청남도 보령시 녹문3길 7 (내항동) ,충청남도 보령시 녹문3길 7 (내항동) ,0.0,0.0
185,괴산증평동물보호센터,충청북도 증평군 도안면 입장길 239 (도안면) ,충청북도 증평군 도안면 입장길 239 (도안면) ,0.0,0.0
186,한국동물구조관리협회,경기도 양주시 남면 감악산로 63-37 (남면) ,경기도 양주시 남면 감악산로 63-37 (남면) ,0.0,0.0
187,한국동물구조관리협회,경기도 양주시 남면 감악산로 63-37 (남면) ,경기도 양주시 남면 감악산로 63-37 (남면) ,0.0,0.0
188,한국동물구조관리협회,경기도 양주시 남면 감악산로 63-37 (남면) ,경기도 양주시 남면 감악산로 63-37 (남면) ,0.0,0.0
189,한국동물구조관리협회,경기도 양주시 남면 감악산로 63-37 (남면) ,경기도 양주시 남면 감악산로 63-37 (남면) ,0.0,0.0
190,용인시 동물보호센터,경기도 용인시 처인구 중부대로 1074-1 (삼가동) 용인시 동물보호센터,경기도 용인시 처인구 중부대로 1074-1 (삼가동) 용인시 동물보호센터,0.0,0.0
191,인천광역시수의사회,"인천광역시 계양구 다남로165번길 56 (다남동, 유기동물보호소) ","인천광역시 계양구 다남로165번길 56 (다남동, 유기동물보호소) ",0.0,0.0
192,인천광역시수의사회,"인천광역시 계양구 다남로165번길 56 (다남동, 유기동물보호소) ","인천광역시 계양구 다남로165번길 56 (다남동, 유기동물보호소) ",0.0,0.0
193,인천광역시수의사회,"인천광역시 계양구 다남로165번길 56 (다남동, 유기동물보호소) ","인천광역시 계양구 다남로165번길 56 (다남동, 유기동물보호소) ",0.0,0.0
194,인천광역시수의사회,"인천광역시 계양구 다남로165번길 56 (다남동, 유기동물보호소) ","인천광역시 계양구 다남로165번길 56 (다남동, 유기동물보호소) ",0.0,0.0
195,사단법인 동부,부산광역시 해운대구 송정2로13번길 46 (송정동) ,부산광역시 해운대구 송정2로13번길 46 (송정동) ,0.0,0.0
196,(사)동부동물보호협회,부산광역시 해운대구 송정2로13번길 46 (송정동) ,부산광역시 해운대구 송정2로13번길 46 (송정동) ,0.0,0.0
197,(사)동부동물보호협회,부산광역시 해운대구 송정2로13번길 46 (송정동) ,부산광역시 해운대구 송정2로13번길 46 (송정동) ,0.0,0.0
198,(사)동부동물보호협회,부산광역시 해운대구 송정2로13번길 46 (송정동) ,부산광역시 해운대구 송정2로13번길 46 (송정동) ,0.0,0.0
199,(사)동부동물보호협회,부산광역시 해운대구 송정동 85-1,부산광역시 해운대구 송정동 85-1,35.1836256,129.2021692
200,(사)동부동물보호협회,부산광역시 해운대구 송정동 85-1,부산광역시 해운대구 송정동 85-1,35.1836256,129.2021692
201,동물보호관리협회,부산광역시 강서구 가락대로1283번길 25-2 (봉림동) ,부산광역시 강서구 가락대로1283번길 25-2 (봉림동) ,0.0,0.0
202,동물보호관리협회,부산광역시 강서구 가락대로1283번길 25-2 (봉림동) ,부산광역시 강서구 가락대로1283번길 25-2 (봉림동) ,0.0,0.0
203,부산동물보호센터,부산광역시 강서구 맥도강변길 752-15 (대저2동) ,부산광역시 강서구 맥도강변길 752-15 (대저2동) ,0.0,0.0
204,부산동물보호센터,부산광역시 강서구 맥도강변길 752-15 (대저2동) ,부산광역시 강서구 맥도강변길 752-15 (대저2동) ,0.0,0.0
205,부산동물보호센터,부산광역시 강서구 맥도강변길 752-15 (대저2동) ,부산광역시 강서구 맥도강변길 752-15 (대저2동) ,0.0,0.0
206,부산동물보호센터,부산광역시 강서구 맥도강변길 752-15 (대저2동) ,부산광역시 강서구 맥도강변길 752-15 (대저2동) ,0.0,0.0
207,부산동물보호센터,부산광역시 강서구 맥도강변길 752-15 (대저2동) ,부산광역시 강서구 맥도강변길 752-15 (대저2동) ,0.0,0.0
208,부산동물보호센터,부산광역시 강서구 맥도강변길 752-15 (대저2동) ,부산광역시 강서구 맥도강변길 752-15 (대저2동) ,0.0,0.0
209,부산동물보호센터,부산광역시 강서구 맥도강변길 752-15 (대저2동) ,부산광역시 강서구 맥도강변길 752-15 (대저2동) ,0.0,0.0
210,부산동물보호센터,부산광역시 강서구 맥도강변길 752-15 (대저2동) ,부산광역시 강서구 맥도강변길 752-15 (대저2동) ,0.0,0.0
211,부산동물보호센터,부산광역시 강서구 맥도강변길 752-15 (대저2동) ,부산광역시 강서구 맥도강변길 752-15 (대저2동) ,0.0,0.0
212,부산동물보호센터,부산광역시 강서구 맥도강변길 752-15 (대저2동) ,부산광역시 강서구 맥도강변길 752-15 (대저2동) ,0.0,0.0
213,부산동물보호센터,부산광역시 강서구 맥도강변길 752-15 (대저2동) ,부산광역시 강서구 맥도강변길 752-15 (대저2동) ,0.0,0.0
214,부산동물보호센터,부산광역시 강서구 맥도강변길 752-15 (대저2동) ,부산광역시 강서구 맥도강변길 752-15 (대저2동) ,0.0,0.0
215,부산동물보호센터,부산광역시 강서구 맥도강변길 752-15 (대저2동) ,부산광역시 강서구 맥도강변길 752-15 (대저2동) ,0.0,0.0
216,부산동물보호센터,부산광역시 강서구 맥도강변길 752-15 (대저2동) ,부산광역시 강서구 맥도강변길 752-15 (대저2동) ,0.0,0.0
217,부산동물보호센터,부산광역시 강서구 맥도강변길 752-15 (대저2동) ,부산광역시 강서구 맥도강변길 752-15 (대저2동) ,0.0,0.0
218,부산동물보호센터,부산광역시 강서구 맥도강변길 752-15 (대저2동) ,부산광역시 강서구 맥도강변길 752-15 (대저2동) ,0.0,0.0
219,부산동물보호센터,부산광역시 강서구 맥도강변길 752-15 (대저2동) ,부산광역시 강서구 맥도강변길 752-15 (대저2동) ,0.0,0.0
220,부산동물보호센터,부산광역시 강서구 맥도강변길 752-15 (대저2동) ,부산광역시 강서구 맥도강변길 752-15 (대저2동) ,0.0,0.0
221,부산동물보호센터,부산광역시 강서구 맥도강변길 752-15 (대저2동) ,부산광역시 강서구 맥도강변길 752-15 (대저2동) ,0.0,0.0
222,부산동물보호센터,부산광역시 강서구 맥도강변길 752-15 (대저2동) ,부산광역시 강서구 맥도강변길 752-15 (대저2동) ,0.0,0.0
223,부산동물보호센터,부산광역시 강서구 맥도강변길 752-15 (대저2동) ,부산광역시 강서구 맥도강변길 752-15 (대저2동) ,0.0,0.0
224,부산동물보호센터,부산광역시 강서구 맥도강변길 752-15 (대저2동) ,부산광역시 강서구 맥도강변길 752-15 (대저2동) ,0.0,0.0
225,부산동물보호센터,부산광역시 강서구 맥도강변길 752-15 (대저2동) ,부산광역시 강서구 맥도강변길 752-15 (대저2동) ,0.0,0.0
226,한국동물구조관리협회,경기도 양주시 남면 감악산로 63-37 (남면) ,경기도 양주시 남면 감악산로 63-37 (남면) ,0.0,0.0
227,유기동물임시보호센터,전라남도 완도군 신지면 신지로6번길 23-89 (신지면) ,전라남도 완도군 신지면 신지로6번길 23-89 (신지면) ,0.0,0.0
228,유기동물임시보호센터,전라남도 완도군 신지면 신지로6번길 23-89 (신지면) ,전라남도 완도군 신지면 신지로6번길 23-89 (신지면) ,0.0,0.0
229,유기동물보호소,"전라남도 여수시 주동1길 32 (주삼동, 여수시농업기술센터) 여수시 유기동물보호소","전라남도 여수시 주동1길 32 (주삼동, 여수시농업기술센터) 여수시 유기동물보호소",0.0,0.0
230,유기동물보호소,"전라남도 여수시 주동1길 32 (주삼동, 여수시농업기술센터) 여수시 유기동물보호소","전라남도 여수시 주동1길 32 (주삼동, 여수시농업기술센터) 여수시 유기동물보호소",0.0,0.0
231,유기동물보호소,"전라남도 여수시 주동1길 32 (주삼동, 여수시농업기술센터) 여수시 유기동물보호소","전라남도 여수시 주동1길 32 (주삼동, 여수시농업기술센터) 여수시 유기동물보호소",0.0,0.0
232,제주 동물보호센터,제주특별자치도 제주시 첨단동길 184-14 (용강동) ,제주특별자치도 제주시 첨단동길 184-14 (용강동) ,0.0,0.0
233,제주 동물보호센터,제주특별자치도 제주시 첨단동길 184-14 (용강동) ,제주특별자치도 제주시 첨단동길 184-14 (용강동) ,0.0,0.0
234,제주 동물보호센터,제주특별자치도 제주시 첨단동길 184-14 (용강동) ,제주특별자치도 제주시 첨단동길 184-14 (용강동) ,0.0,0.0
235,제주 동물보호센터,제주특별자치도 제주시 첨단동길 184-14 (용강동) ,제주특별자치도 제주시 첨단동길 184-14 (용강동) ,0.0,0.0
236,제주 동물보호센터,제주특별자치도 제주시 첨단동길 184-14 (용강동) ,제주특별자치도 제주시 첨단동길 184-14 (용강동) ,0.0,0.0
237,제주 동물보호센터,제주특별자치도 제주시 첨단동길 184-14 (용강동) ,제주특별자치도 제주시 첨단동길 184-14 (용강동) ,0.0,0.0
238,제주 동물보호센터,제주특별자치도 제주시 첨단동길 184-14 (용강동) ,제주특별자치도 제주시 첨단동길 184-14 (용강동) ,0.0,0.0
239,제주 동물보호센터,제주특별자치도 제주시 첨단동길 184-14 (용강동) ,제주특별자치도 제주시 첨단동길 184-14 (용강동) ,0.0,0.0
240,제주 동물보호센터,제주특별자치도 제주시 첨단동길 184-14 (용강동) ,제주특별자치도 제주시 첨단동길 184-14 (용강동) ,0.0,0.0
241,신안군유기동물보호소,전라남도 무안군 삼향읍 석매길 21-3  ,전라남도 무안군 삼향읍 석매길 21-3  ,0.0,0.0
242,신안군유기동물보호소,전라남도 무안군 삼향읍 석매길 21-3  ,전라남도 무안군 삼향읍 석매길 21-3  ,0.0,0.0
243,신안군유기동물보호소,전라남도 무안군 삼향읍 석매길 21-3  ,전라남도 무안군 삼향읍 석매길 21-3  ,0.0,0.0
244,신안군유기동물보호소,전라남도 무안군 삼향읍 석매길 21-3  ,전라남도 무안군 삼향읍 석매길 21-3  ,0.0,0.0
245,신안군유기동물보호소,전라남도 무안군 삼향읍 석매길 21-3  ,전라남도 무안군 삼향읍 석매길 21-3  ,0.0,0.0
246,해남유기동물보호센터,전라남도 해남군 해남읍 용머리길 14-37  ,전라남도 해남군 해남읍 용머리길 14-37  ,34.5650544,126.5787545
247,익산유기동물보호소,전북특별자치도 익산시 서동로42길 77 (용제동) 16통 1반,전북특별자치도 익산시 서동로42길 77 (용제동) 16통 1반,0.0,0.0
248,익산유기동물보호소,전북특별자치도 익산시 서동로42길 77 (용제동) 16통 1반,전북특별자치도 익산시 서동로42길 77 (용제동) 16통 1반,0.0,0.0
249,익산유기동물보호소,전북특별자치도 익산시 서동로42길 77 (용제동) 16통 1반,전북특별자치도 익산시 서동로42길 77 (용제동) 16통 1반,0.0,0.0
250,익산유기동물보호소,전북특별자치도 익산시 서동로42길 77 (용제동) 16통 1반,전북특별자치도 익산시 서동로42길 77 (용제동) 16통 1반,0.0,0.0
251,익산유기동물보호소,전북특별자치도 익산시 서동로42길 77 (용제동) 16통 1반,전북특별자치도 익산시 서동로42길 77 (용제동) 16통 1반,0.0,0.0
252,익산유기동물보호소,전북특별자치도 익산시 서동로42길 77 (용제동) 16통 1반,전북특별자치도 익산시 서동로42길 77 (용제동) 16통 1반,0.0,0.0
253,한국동물구조관리협회,경기도 양주시 남면 감악산로 63-37  ,경기도 양주시 남면 감악산로 63-37  ,0.0,0.0
254,한국동물구조관리협회,경기도 양주시 남면 감악산로 63-37  ,경기도 양주시 남면 감악산로 63-37  ,0.0,0.0
255,한국동물구조관리협회,경기도 양주시 남면 감악산로 63-37  ,경기도 양주시 남면 감악산로 63-37  ,0.0,0.0
256,한국동물구조관리협회,경기도 양주시 남면 감악산로 63-37  ,경기도 양주시 남면 감악산로 63-37  ,0.0,0.0
257,한국동물구조관리협회,경기도 양주시 남면 감악산로 63-37  ,경기도 양주시 남면 감악산로 63-37  ,0.0,0.0
258,한국동물구조관리협회,경기도 양주시 남면 감악산로 63-37 ,경기도 양주시 남면 감악산로 63-37 ,0.0,0.0
259,한국동물구조관리협회,경기도 양주시 남면 감악산로 63-37  ,경기도 양주시 남면 감악산로 63-37  ,0.0,0.0
260,한국동물구조관리협회,경기도 양주시 남면 감악산로 63-37  ,경기도 양주시 남면 감악산로 63-37  ,0.0,0.0
261,한국동물구조관리협회,경기도 양주시 남면 감악산로 63-37  ,경기도 양주시 남면 감악산로 63-37  ,0.0,0.0
262,한국동물구조관리협회,경기도 양주시 남면 감악산로 63-37  ,경기도 양주시 남면 감악산로 63-37  ,0.0,0.0
263,한국야생동물보호협회,경기도 안산시 상록구 청곡길 50 (부곡동) 안산시 상록구 부곡동 231-5,경기도 안산시 상록구 청곡길 50 (부곡동) 안산시 상록구 부곡동 231-5,0.0,0.0
264,한국동물구조관리협회,경기도 양주시 남면 감악산로 63-37 ,경기도 양주시 남면 감악산로 63-37 ,0.0,0.0
265,한국동물구조관리협회,경기도 양주시 남면 감악산로 63-37 ,경기도 양주시 남면 감악산로 63-37 ,0.0,0.0
266,한국동물구조관리협회,경기도 양주시 남면 감악산로 63-37 ,경기도 양주시 남면 감악산로 63-37 ,0.0,0.0
267,한국동물구조관리협회,경기도 양주시 남면 감악산로 63-37 ,경기도 양주시 남면 감악산로 63-37 ,0.0,0.0
268,한국동물구조관리협회,경기도 양주시 남면 감악산로 63-37 ,경기도 양주시 남면 감악산로 63-37 ,0.0,0.0
269,한국동물구조관리협회,경기도 양주시 남면 감악산로 63-37 ,경기도 양주시 남면 감악산로 63-37 ,0.0,0.0
270,한국동물구조관리협회,경기도 양주시 남면 감악산로 63-37 ,경기도 양주시 남면 감악산로 63-37 ,0.0,0.0
271,광주 동물보호소,광주광역시 북구 본촌마을길 27 (본촌동) 광주광역시 동물보호소,광주광역시 북구 본촌마을길 27 (본촌동) 광주광역시 동물보호소,0.0,0.0
272,대구유기동물보호협회,대구광역시 동구 금강로 151-13 (금강동) ,대구광역시 동구 금강로 151-13 (금강동) ,0.0,0.0
273,한국동물구조관리협회,경기도 양주시 남면 상수리 410-1,경기도 양주시 남면 상수리 410-1,0.0,0.0
274,한국동물구조관리협회,경기도 양주시 남면 상수리 410-1,경기도 양주시 남면 상수리 410-1,0.0,0.0
275,한국동물구조관리협회,경기도 양주시 남면 감악산로 63-37 (남면) ,경기도 양주시 남면 감악산로 63-37 (남면) ,0.0,0.0
276,세종유기동물보호센터,세종특별자치시  전동면 미륵당1길 188 (전동면) ,세종특별자치시  전동면 미륵당1길 188 (전동면) ,0.0,0.0
277,세종유기동물보호센터,세종특별자치시  전동면 미륵당1길 188 (전동면) ,세종특별자치시  전동면 미륵당1길 188 (전동면) ,0.0,0.0
278,태민동물병원,"경상남도 합천군 합천읍 옥산로 16 (합천읍, 까치빌라) 태민동물병원","경상남도 합천군 합천읍 옥산로 16 (합천읍, 까치빌라) 태민동물병원",0.0,0.0
279,거창유기동물보호센터,경상남도 거창군 남상면 수남로 1934-12  ,경상남도 거창군 남상면 수남로 1934-12  ,35.62066,127.88759
280,거창유기동물보호센터,경상남도 거창군 남상면 수남로 1934-12  ,경상남도 거창군 남상면 수남로 1934-12  ,35.62066,127.88759
281,거창유기동물보호센터,경상남도 거창군 남상면 수남로 1934-12  ,경상남도 거창군 남상면 수남로 1934-12  ,35.62066,127.88759
282,거창유기동물보호센터,경상남도 거창군 남상면 수남로 1934-12  ,경상남도 거창군 남상면 수남로 1934-12  ,35.62066,127.88759
283,하동군유기동물보호소,경상남도 하동군 적량면 한옥정길 90 (적량면) 유기동물보호소,경상남도 하동군 적량면 한옥정길 90 (적량면) 유기동물보호소,0.0,0.0
284,하동군유기동물보호소,경상남도 하동군 적량면 한옥정길 90 (적량면) 유기동물보호소,경상남도 하동군 적량면 한옥정길 90 (적량면) 유기동물보호소,0.0,0.0
285,하동군유기동물보호소,경상남도 하동군 적량면 한옥정길 90 (적량면) 유기동물보호소,경상남도 하동군 적량면 한옥정길 90 (적량면) 유기동물보호소,0.0,0.0
286,하동군유기동물보호소,경상남도 하동군 적량면 한옥정길 90 (적량면) 유기동물보호소,경상남도 하동군 적량면 한옥정길 90 (적량면) 유기동물보호소,0.0,0.0
287,하동군유기동물보호소,경상남도 하동군 적량면 한옥정길 90 (적량면) 유기동물보호소,경상남도 하동군 적량면 한옥정길 90 (적량면) 유기동물보호소,0.0,0.0
288,하동군유기동물보호소,경상남도 하동군 적량면 한옥정길 90 (적량면) 유기동물보호소,경상남도 하동군 적량면 한옥정길 90 (적량면) 유기동물보호소,0.0,0.0
289,하동군유기동물보호소,경상남도 하동군 적량면 한옥정길 90 (적량면) 유기동물보호소,경상남도 하동군 적량면 한옥정길 90 (적량면) 유기동물보호소,0.0,0.0
290,하동군유기동물보호소,경상남도 하동군 적량면 한옥정길 90 (적량면) 유기동물보호소,경상남도 하동군 적량면 한옥정길 90 (적량면) 유기동물보호소,0.0,0.0
291,하동군유기동물보호소,경상남도 하동군 적량면 한옥정길 90 (적량면) 유기동물보호소,경상남도 하동군 적량면 한옥정길 90 (적량면) 유기동물보호소,0.0,0.0
292,하동군유기동물보호소,경상남도 하동군 적량면 한옥정길 90 (적량면) 유기동물보호소,경상남도 하동군 적량면 한옥정길 90 (적량면) 유기동물보호소,0.0,0.0
293,의령군 동물보호센터,경상남도 의령군 의령읍 남강로 485-75  ,경상남도 의령군 의령읍 남강로 485-75  ,0.0,0.0
294,사천시 동물보호센터,경상남도 사천시 용현면 진삼로 902  사천시유기동물보호소,경상남도 사천시 용현면 진삼로 902  사천시유기동물보호소,0.0,0.0
295,사천시 동물보호센터,경상남도 사천시 용현면 진삼로 902  사천시유기동물보호소,경상남도 사천시 용현면 진삼로 902  사천시유기동물보호소,0.0,0.0
296,진해유기동물보호소,경상남도 창원시 진해구 웅천로 218 (성내동) 도시농업과 부지 내,경상남도 창원시 진해구 웅천로 218 (성내동) 도시농업과 부지 내,0.0,0.0
297,진해유기동물보호소,경상남도 창원시 진해구 웅천로 218 (성내동) 도시농업과 부지 내,경상남도 창원시 진해구 웅천로 218 (성내동) 도시농업과 부지 내,0.0,0.0
298,진해유기동물보호소,경상남도 창원시 진해구 웅천로 218 (성내동) 도시농업과 부지 내,경상남도 창원시 진해구 웅천로 218 (성내동) 도시농업과 부지 내,0.0,0.0
299,진해유기동물보호소,경상남도 창원시 진해구 웅천로 218 (성내동) 도시농업과 부지 내,경상남도 창원시 진해구 웅천로 218 (성내동) 도시농업과 부지 내,0.0,0.0
300,진주시동물보호센터,"경상남도 진주시 집현면 신당길207번길 22 (집현면, 지역농업개발시설) ","경상남도 진주시 집현면 신당길207번길 22 (집현면, 지역농업개발시설) ",0.0,0.0
301,마산유기동물보호소,경상남도 창원시 마산합포구 진북면 지산2길 139-112 226-19,경상남도 창원시 마산합포구 진북면 지산2길 139-112 226-19,0.0,0.0
302,마산유기동물보호소,경상남도 창원시 마산합포구 진북면 지산2길 139-112 226-19,경상남도 창원시 마산합포구 진북면 지산2길 139-112 226-19,0.0,0.0
303,마산유기동물보호소,경상남도 창원시 마산합포구 진북면 지산2길 139-112 226-19,경상남도 창원시 마산합포구 진북면 지산2길 139-112 226-19,0.0,0.0
304,마산유기동물보호소,경상남도 창원시 마산합포구 진북면 지산2길 139-112 226-19,경상남도 창원시 마산합포구 진북면 지산2길 139-112 226-19,0.0,0.0
305,마산유기동물보호소,경상남도 창원시 마산합포구 진북면 지산2길 139-112 226-19,경상남도 창원시 마산합포구 진북면 지산2길 139-112 226-19,0.0,0.0
306,예천군유기동물보호소,"경상북도 예천군 예천읍 충효로 632-84 (예천읍, 유기동물보호소) ","경상북도 예천군 예천읍 충효로 632-84 (예천읍, 유기동물보호소) ",0.0,0.0
307,예천군유기동물보호소,"경상북도 예천군 예천읍 충효로 632-84 (예천읍, 유기동물보호소) ","경상북도 예천군 예천읍 충효로 632-84 (예천읍, 유기동물보호소) ",0.0,0.0
308,예천군유기동물보호소,"경상북도 예천군 예천읍 충효로 632-84 (예천읍, 유기동물보호소) ","경상북도 예천군 예천읍 충효로 632-84 (예천읍, 유기동물보호소) ",0.0,0.0
309,예천군유기동물보호소,"경상북도 예천군 예천읍 충효로 632-84 (예천읍, 유기동물보호소) ","경상북도 예천군 예천읍 충효로 632-84 (예천읍, 유기동물보호소) ",0.0,0.0
310,예천군유기동물보호소,"경상북도 예천군 예천읍 충효로 632-84 (예천읍, 유기동물보호소) ","경상북도 예천군 예천읍 충효로 632-84 (예천읍, 유기동물보호소) ",0.0,0.0
311,고령군 임시보호소,경상북도 고령군 운수면 하법길 37 (운수면) ,경상북도 고령군 운수면 하법길 37 (운수면) ,0.0,0.0
312,영천유기동물보호센터,"경상북도 영천시 천문로 622-13 (오미동, 영천시농업기술센터) ","경상북도 영천시 천문로 622-13 (오미동, 영천시농업기술센터) ",0.0,0.0
313,구미시 동물보호센터,경상북도 구미시 해평면 낙동대로 2206  ,경상북도 구미시 해평면 낙동대로 2206  ,36.2254166,128.3621271
314,반려동물 입양센터,경상북도 구미시 인동22길 43-4 (진평동) ,경상북도 구미시 인동22길 43-4 (진평동) ,0.0,0.0
315,경주동물사랑보호센터,경상북도 경주시 천북면 천북로 8-4  경주시 동물사랑보호센터,경상북도 경주시 천북면 천북로 8-4  경주시 동물사랑보호센터,0.0,0.0
316,경주동물사랑보호센터,경상북도 경주시 천북면 천북로 8-4  경주시 동물사랑보호센터,경상북도 경주시 천북면 천북로 8-4  경주시 동물사랑보호센터,0.0,0.0
317,경주동물사랑보호센터,경상북도 경주시 천북면 천북로 8-4  경주시 동물사랑보호센터,경상북도 경주시 천북면 천북로 8-4  경주시 동물사랑보호센터,0.0,0.0
318,경주동물사랑보호센터,경상북도 경주시 천북면 천북로 8-4  경주시 동물사랑보호센터,경상북도 경주시 천북면 천북로 8-4  경주시 동물사랑보호센터,0.0,0.0
319,경주동물사랑보호센터,경상북도 경주시 천북면 천북로 8-4  경주시 동물사랑보호센터,경상북도 경주시 천북면 천북로 8-4  경주시 동물사랑보호센터,0.0,0.0
320,경주동물사랑보호센터,경상북도 경주시 천북면 천북로 8-4  경주시 동물사랑보호센터,경상북도 경주시 천북면 천북로 8-4  경주시 동물사랑보호센터,0.0,0.0
321,경주동물사랑보호센터,경상북도 경주시 천북면 천북로 8-4  경주시 동물사랑보호센터,경상북도 경주시 천북면 천북로 8-4  경주시 동물사랑보호센터,0.0,0.0
322,경주동물사랑보호센터,경상북도 경주시 천북면 천북로 8-4  경주시 동물사랑보호센터,경상북도 경주시 천북면 천북로 8-4  경주시 동물사랑보호센터,0.0,0.0
323,경주동물사랑보호센터,경상북도 경주시 천북면 천북로 8-4  경주시 동물사랑보호센터,경상북도 경주시 천북면 천북로 8-4  경주시 동물사랑보호센터,0.0,0.0
324,경주동물사랑보호센터,경상북도 경주시 천북면 천북로 8-4  경주시 동물사랑보호센터,경상북도 경주시 천북면 천북로 8-4  경주시 동물사랑보호센터,0.0,0.0
325,학교동물임시보호센터,전라남도 함평군 학교면 송산길 84 (학교면) 월산리 806-1 ,전라남도 함평군 학교면 송산길 84 (학교면) 월산리 806-1 ,0.0,0.0
326,학교동물임시보호센터,전라남도 함평군 학교면 송산길 84 (학교면) 월산리 806-1 ,전라남도 함평군 학교면 송산길 84 (학교면) 월산리 806-1 ,0.0,0.0
327,유기동물 삼호 보호소,전라남도 영암군 삼호읍 녹색로 1117-49 (삼호읍) 영암유기동물 삼호보호소,전라남도 영암군 삼호읍 녹색로 1117-49 (삼호읍) 영암유기동물 삼호보호소,0.0,0.0
328,장흥군 동물보호센터,"전라남도 장흥군 안양면 우드랜드길 288 (안양면, 남도국제교육원) 축산사업소","전라남도 장흥군 안양면 우드랜드길 288 (안양면, 남도국제교육원) 축산사업소",0.0,0.0
329,담양군 동물보호센터,전라남도 담양군 용면 시암골로 280-57 (용면) :용면 두장리 21번지,전라남도 담양군 용면 시암골로 280-57 (용면) :용면 두장리 21번지,0.0,0.0
330,담양군 동물보호센터,전라남도 담양군 용면 시암골로 280-57 (용면) :용면 두장리 21번지,전라남도 담양군 용면 시암골로 280-57 (용면) :용면 두장리 21번지,0.0,0.0
331,담양군 동물보호센터,전라남도 담양군 용면 시암골로 280-57 (용면) :용면 두장리 21번지,전라남도 담양군 용면 시암골로 280-57 (용면) :용면 두장리 21번지,0.0,0.0
332,담양군 동물보호센터,전라남도 담양군 용면 시암골로 280-57 (용면) :용면 두장리 21번지,전라남도 담양군 용면 시암골로 280-57 (용면) :용면 두장리 21번지,0.0,0.0
333,담양군 동물보호센터,전라남도 담양군 용면 시암골로 280-57 (용면) :용면 두장리 21번지,전라남도 담양군 용면 시암골로 280-57 (용면) :용면 두장리 21번지,0.0,0.0
334,담양군 동물보호센터,전라남도 담양군 용면 시암골로 280-57 (용면) :용면 두장리 21번지,전라남도 담양군 용면 시암골로 280-57 (용면) :용면 두장리 21번지,0.0,0.0
335,담양군 동물보호센터,전라남도 담양군 용면 시암골로 280-57 (용면) :용면 두장리 21번지,전라남도 담양군 용면 시암골로 280-57 (용면) :용면 두장리 21번지,0.0,0.0
336,나주유기동물보호센터,전라남도 나주시 산포면 내기3길 71-43 [*미고시] ,전라남도 나주시 산포면 내기3길 71-43 [*미고시] ,0.0,0.0
337,나주유기동물보호센터,전라남도 나주시 산포면 내기3길 71-43 [*미고시] ,전라남도 나주시 산포면 내기3길 71-43 [*미고시] ,0.0,0.0
338,순천시유기동물보호소,"전라남도 순천시 승주읍 승주로 628 (승주읍, 농업기술센터) 순천시유기동물보호소","전라남도 순천시 승주읍 승주로 628 (승주읍, 농업기술센터) 순천시유기동물보호소",0.0,0.0
339,목포시유기동물보호소,전라남도 무안군 삼향읍 석매길 21-3  ,전라남도 무안군 삼향읍 석매길 21-3  ,0.0,0.0
340,희망동물보호소,전라북도 고창군 무장면 신촌농장길 98  ,전라북도 고창군 무장면 신촌농장길 98  ,0.0,0.0
341,희망동물보호소,전라북도 고창군 무장면 신촌농장길 98  ,전라북도 고창군 무장면 신촌농장길 98  ,0.0,0.0
342,희망동물보호소,전라북도 고창군 무장면 신촌농장길 98  ,전라북도 고창군 무장면 신촌농장길 98  ,0.0,0.0
343,희망동물보호소,전라북도 고창군 무장면 신촌농장길 98  ,전라북도 고창군 무장면 신촌농장길 98  ,0.0,0.0
344,희망동물보호소,전라북도 고창군 무장면 신촌농장길 98  ,전라북도 고창군 무장면 신촌농장길 98  ,0.0,0.0
345,희망동물보호소,전라북도 고창군 무장면 신촌농장길 98  ,전라북도 고창군 무장면 신촌농장길 98  ,0.0,0.0
346,전북말산업복합센터,전라북도 김제시 용지면 금백로 571-39 (용지면) 전북말산업복합센터,전라북도 김제시 용지면 금백로 571-39 (용지면) 전북말산업복합센터,0.0,0.0
347,전북말산업복합센터,전라북도 김제시 용지면 금백로 571-39 (용지면) 전북말산업복합센터,전라북도 김제시 용지면 금백로 571-39 (용지면) 전북말산업복합센터,0.0,0.0
348,전북말산업복합센터,전라북도 김제시 용지면 금백로 571-39 (용지면) 전북말산업복합센터,전라북도 김제시 용지면 금백로 571-39 (용지면) 전북말산업복합센터,0.0,0.0
349,전북말산업복합센터,전라북도 김제시 용지면 금백로 571-39 (용지면) 전북말산업복합센터,전라북도 김제시 용지면 금백로 571-39 (용지면) 전북말산업복합센터,0.0,0.0
350,청원동물병원,전북특별자치도 남원시 죽항동 278번지,전북특별자치도 남원시 죽항동 278번지,0.0,0.0
351,정읍시 동물보호소,전북특별자치도 정읍시 2산단5길 37-1 (하북동) ,전북특별자치도 정읍시 2산단5길 37-1 (하북동) ,0.0,0.0
352,군산유기동물보호센터,전라북도 군산시 대야면 보덕안정길 108-20  ,전라북도 군산시 대야면 보덕안정길 108-20  ,0.0,0.0
353,프렌즈동물병원,전라북도 전주시 완산구 삼천동1가 592-1,전라북도 전주시 완산구 삼천동1가 592-1,35.7975799,127.1220233
354,효자동물병원,전라북도 전주시 완산구 백제대로 121 (효자동1가) ,전라북도 전주시 완산구 백제대로 121 (효자동1가) ,0.0,0.0
355,사랑플러스동물병원,전북특별자치도 전주시 덕진구 쪽구름2길 8 (여의동2가) 1층,전북특별자치도 전주시 덕진구 쪽구름2길 8 (여의동2가) 1층,0.0,0.0
356,사랑플러스동물병원,전북특별자치도 전주시 덕진구 쪽구름2길 8 (여의동2가) 1층,전북특별자치도 전주시 덕진구 쪽구름2길 8 (여의동2가) 1층,0.0,0.0
357,행복한동물병원,전라북도 전주시 덕진구 인후동1가 806-6,전라북도 전주시 덕진구 인후동1가 806-6,35.8322098,127.1597146
358,행복한동물병원,전라북도 전주시 덕진구 인후동1가 806-6,전라북도 전주시 덕진구 인후동1가 806-6,35.8322098,127.1597146
359,행복한동물병원,전라북도 전주시 덕진구 인후동1가 806-6,전라북도 전주시 덕진구 인후동1가 806-6,35.8322098,127.1597146
360,당진시동물보호소,충청남도 당진시 고대면 연동로 30-6 (고대면) ,충청남도 당진시 고대면 연동로 30-6 (고대면) ,0.0,0.0
361,최동물병원,충청남도 태안군 태안읍 남문리 504-6,충청남도 태안군 태안읍 남문리 504-6,36.752995,126.30594302785889
362,최동물병원,충청남도 태안군 태안읍 남문리 504-6,충청남도 태안군 태안읍 남문리 504-6,36.752995,126.30594302785889
363,최동물병원,충청남도 태안군 태안읍 남문리 504-6,충청남도 태안군 태안읍 남문리 504-6,36.752995,126.30594302785889
364,최동물병원,충청남도 태안군 태안읍 남문리 504-6,충청남도 태안군 태안읍 남문리 504-6,36.752995,126.30594302785889
365,최동물병원,충청남도 태안군 태안읍 남문리 504-6,충청남도 태안군 태안읍 남문리 504-6,36.752995,126.30594302785889
366,최동물병원,충청남도 태안군 태안읍 남문리 504-6,충청남도 태안군 태안읍 남문리 504-6,36.752995,126.30594302785889
367,최동물병원,충청남도 태안군 태안읍 남문리 504-6,충청남도 태안군 태안읍 남문리 504-6,36.752995,126.30594302785889
368,최동물병원,충청남도 태안군 태안읍 남문리 504-6,충청남도 태안군 태안읍 남문리 504-6,36.752995,126.30594302785889
369,최동물병원,충청남도 태안군 태안읍 남문리 504-6,충청남도 태안군 태안읍 남문리 504-6,36.752995,126.30594302785889
370,최동물병원,충청남도 태안군 태안읍 남문리 504-6,충청남도 태안군 태안읍 남문리 504-6,36.752995,126.30594302785889
371,서산시 동물보호센터,충청남도 서산시 인지면 무학재1길 99  ,충청남도 서산시 인지면 무학재1길 99  ,0.0,0.0
372,서산시 동물보호센터,충청남도 서산시 인지면 무학재1길 99  ,충청남도 서산시 인지면 무학재1길 99  ,0.0,0.0
373,서산시 동물보호센터,충청남도 서산시 인지면 무학재1길 99  ,충청남도 서산시 인지면 무학재1길 99  ,0.0,0.0
374,서산시 동물보호센터,충청남도 서산시 인지면 무학재1길 99  ,충청남도 서산시 인지면 무학재1길 99  ,0.0,0.0
375,천안시 동물보호센터,"충청남도 천안시 동남구 목천읍 충절로 577  문의전화 : 입양(010-5913-5119), 구조(010-4999-6119)","충청남도 천안시 동남구 목천읍 충절로 577  문의전화 : 입양(010-5913-5119), 구조(010-4999-6119)",0.0,0.0
376,천안시 동물보호센터,"충청남도 천안시 동남구 목천읍 충절로 577  문의전화 : 입양(010-5913-5119), 구조(010-4999-6119)","충청남도 천안시 동남구 목천읍 충절로 577  문의전화 : 입양(010-5913-5119), 구조(010-4999-6119)",0.0,0.0
377,반려동물보호센터,충청북도 청주시 흥덕구 강내면 서부로 411-55 (강내면) ,충청북도 청주시 흥덕구 강내면 서부로 411-55 (강내면) ,0.0,0.0
378,금왕동물병원,충청북도 음성군 금왕읍 대금로 1498 (금왕읍) 금왕동물병원,충청북도 음성군 금왕읍 대금로 1498 (금왕읍) 금왕동물병원,0.0,0.0
379,괴산증평동물보호센터,충청북도 증평군 도안면 입장길 239 (도안면) ,충청북도 증평군 도안면 입장길 239 (도안면) ,0.0,0.0
380,증평 가정견 훈련소,충청북도 증평군 도안면 입장길 239  ,충청북도 증평군 도안면 입장길 239  ,0.0,0.0
381,더가까운동물병원,충청북도 보은군 보은읍 뱃들로 47  ,충청북도 보은군 보은읍 뱃들로 47  ,36.4859233,127.7251614
382,더가까운동물병원,충청북도 보은군 보은읍 뱃들로 47  ,충청북도 보은군 보은읍 뱃들로 47  ,36.4859233,127.7251614
383,충주시동물보호센터,충청북도 충주시 중앙탑면 일곱실길 70 (중앙탑면) ,충청북도 충주시 중앙탑면 일곱실길 70 (중앙탑면) ,0.0,0.0
384,유기견임시보호소,강원도 고성군 간성읍 꽃내마루길 53-49  ,강원도 고성군 간성읍 꽃내마루길 53-49  ,0.0,0.0
385,정선가축병원,강원도 정선군 정선읍 정선로 1321 (정선읍) ,강원도 정선군 정선읍 정선로 1321 (정선읍) ,37.363774,128.6046218
386,원주유기동물보호센터,강원도 원주시 호저면 칠봉로 110-6 ,강원도 원주시 호저면 칠봉로 110-6 ,37.4133886,127.9193008
387,원주유기동물보호센터,강원도 원주시 호저면 칠봉로 110-6 ,강원도 원주시 호저면 칠봉로 110-6 ,37.4133886,127.9193008
388,위더스 동물보호센터,경기도 여주시 능서면 능서공원길 34 (능서면) ,경기도 여주시 능서면 능서공원길 34 (능서면) ,0.0,0.0
389,위더스 동물보호센터,경기도 여주시 능서면 능서공원길 34 (능서면) ,경기도 여주시 능서면 능서공원길 34 (능서면) ,0.0,0.0
390,위더스 동물보호센터,경기도 여주시 능서면 능서공원길 34 (능서면) ,경기도 여주시 능서면 능서공원길 34 (능서면) ,0.0,0.0
391,위더스 동물보호센터,경기도 여주시 능서면 능서공원길 34 (능서면) ,경기도 여주시 능서면 능서공원길 34 (능서면) ,0.0,0.0
392,위더스 동물보호센터,경기도 여주시 능서면 능서공원길 34 (능서면) ,경기도 여주시 능서면 능서공원길 34 (능서면) ,0.0,0.0
393,위더스 동물보호센터,경기도 여주시 능서면 능서공원길 34 (능서면) ,경기도 여주시 능서면 능서공원길 34 (능서면) ,0.0,0.0
394,위더스 동물보호센터,경기도 여주시 능서면 능서공원길 34 (능서면) ,경기도 여주시 능서면 능서공원길 34 (능서면) ,0.0,0.0
395,위더스 동물보호센터,경기도 여주시 능서면 능서공원길 34 (능서면) ,경기도 여주시 능서면 능서공원길 34 (능서면) ,0.0,0.0
396,광주TNR동물병원초월,경기도 광주시 초월읍 현산로385번길 74-12 (초월읍) ,경기도 광주시 초월읍 현산로385번길 74-12 (초월읍) ,0.0,0.0
397,남양동물보호센터,경기도 화성시 남양읍 화성로 1483-27 (남양읍) ,경기도 화성시 남양읍 화성로 1483-27 (남양읍) ,0.0,0.0
398,이성준동물병원,경기도 안성시 중앙로 431-1 (봉남동) ,경기도 안성시 중앙로 431-1 (봉남동) ,0.0,0.0
399,이성준동물병원,경기도 안성시 중앙로 431-1 (봉남동) ,경기도 안성시 중앙로 431-1 (봉남동) ,0.0,0.0
400,이성준동물병원,경기도 안성시 중앙로 431-1 (봉남동) ,경기도 안성시 중앙로 431-1 (봉남동) ,0.0,0.0
401,이성준동물병원,경기도 안성시 중앙로 431-1 (봉남동) ,경기도 안성시 중앙로 431-1 (봉남동) ,0.0,0.0
402,위더스 동물보호센터,경기도 여주시 여양2로 40 (천송동) ,경기도 여주시 여양2로 40 (천송동) ,0.0,0.0
403,위더스 동물보호센터,경기도 여주시 여양2로 40 (천송동) ,경기도 여주시 여양2로 40 (천송동) ,0.0,0.0
404,위더스 동물보호센터,경기도 여주시 여양2로 40 (천송동) ,경기도 여주시 여양2로 40 (천송동) ,0.0,0.0
405,위더스 동물보호센터,경기도 여주시 여양2로 40 (천송동) ,경기도 여주시 여양2로 40 (천송동) ,0.0,0.0
406,위더스 동물보호센터,경기도 여주시 여양2로 40 (천송동) ,경기도 여주시 여양2로 40 (천송동) ,0.0,0.0
407,용인시 동물보호센터,경기도 용인시 처인구 중부대로 1074-1 (삼가동) 용인시 동물보호센터,경기도 용인시 처인구 중부대로 1074-1 (삼가동) 용인시 동물보호센터,0.0,0.0
408,시흥동물누리보호센터,경기도 시흥시 뒷방울길 218 (정왕동) ,경기도 시흥시 뒷방울길 218 (정왕동) ,0.0,0.0
409,시흥동물누리보호센터,경기도 시흥시 뒷방울길 218 (정왕동) ,경기도 시흥시 뒷방울길 218 (정왕동) ,0.0,0.0
410,고양시동물보호센터,"경기도 고양시 덕양구 고양대로 1695 (원흥동, 고양시 농업기술센터) 고양시동물보호센터","경기도 고양시 덕양구 고양대로 1695 (원흥동, 고양시 농업기술센터) 고양시동물보호센터",0.0,0.0
411,한국야생동물보호협회,경기도 안산시 상록구 청곡길 50 (부곡동) 안산시 상록구 부곡동 231-5,경기도 안산시 상록구 청곡길 50 (부곡동) 안산시 상록구 부곡동 231-5,0.0,0.0
412,한국야생동물보호협회,경기도 안산시 상록구 청곡길 50 (부곡동) 안산시 상록구 부곡동 231-5,경기도 안산시 상록구 청곡길 50 (부곡동) 안산시 상록구 부곡동 231-5,0.0,0.0
413,한국야생동물보호협회,경기도 안산시 상록구 청곡길 50 (부곡동) 안산시 상록구 부곡동 231-5,경기도 안산시 상록구 청곡길 50 (부곡동) 안산시 상록구 부곡동 231-5,0.0,0.0
414,평택시유기동물보호소,경기도 평택시 진위면 야막길 108-86 (진위면) ,경기도 평택시 진위면 야막길 108-86 (진위면) ,0.0,0.0
415,평택시유기동물보호소,경기도 평택시 진위면 야막길 108-86 (진위면) ,경기도 평택시 진위면 야막길 108-86 (진위면) ,0.0,0.0
416,평택시유기동물보호소,경기도 평택시 진위면 야막길 108-86 (진위면) ,경기도 평택시 진위면 야막길 108-86 (진위면) ,0.0,0.0
417,평택시유기동물보호소,경기도 평택시 진위면 야막길 108-86 (진위면) ,경기도 평택시 진위면 야막길 108-86 (진위면) ,0.0,0.0
418,평택시유기동물보호소,경기도 평택시 진위면 야막길 108-86 (진위면) ,경기도 평택시 진위면 야막길 108-86 (진위면) ,0.0,0.0
419,평택시유기동물보호소,경기도 평택시 진위면 야막길 108-86 (진위면) ,경기도 평택시 진위면 야막길 108-86 (진위면) ,0.0,0.0
420,평택시유기동물보호소,경기도 평택시 진위면 야막길 108-86 (진위면) ,경기도 평택시 진위면 야막길 108-86 (진위면) ,0.0,0.0
421,평택시유기동물보호소,경기도 평택시 진위면 야막길 108-86 (진위면) ,경기도 평택시 진위면 야막길 108-86 (진위면) ,0.0,0.0
422,평택시유기동물보호소,경기도 평택시 진위면 야막길 108-86 (진위면) ,경기도 평택시 진위면 야막길 108-86 (진위면) ,0.0,0.0
423,광명반함센터,경기도 광명시 오리로854번길 10 (철산동) 지하1층,경기도 광명시 오리로854번길 10 (철산동) 지하1층,0.0,0.0
424,부천시수의사회,경기도 부천시 원미구 중동로 100 (중동) 아이파크 상가동 213호,경기도 부천시 원미구 중동로 100 (중동) 아이파크 상가동 213호,0.0,0.0
425,부천시수의사회,경기도 부천시 원미구 중동로 100 (중동) 아이파크 상가동 213호,경기도 부천시 원미구 중동로 100 (중동) 아이파크 상가동 213호,0.0,0.0
426,24시아이동물메디컬,경기도 부천시 오정구 소사로 779 (원종동) 201호,경기도 부천시 오정구 소사로 779 (원종동) 201호,0.0,0.0
427,수원시 동물보호센터,"경기도 수원시 영통구 광교호수로 234 (하동, 수원시 동물보호센터) 하동 40-10","경기도 수원시 영통구 광교호수로 234 (하동, 수원시 동물보호센터) 하동 40-10",0.0,0.0
428,광주 동물보호소,광주광역시 북구 본촌마을길 27 (본촌동) 광주광역시 동물보호소,광주광역시 북구 본촌마을길 27 (본촌동) 광주광역시 동물보호소,0.0,0.0
429,광주 동물보호소,광주광역시 북구 본촌마을길 27 (본촌동) 광주광역시 동물보호소,광주광역시 북구 본촌마을길 27 (본촌동) 광주광역시 동물보호소,0.0,0.0
430,광주 동물보호소,광주광역시 북구 본촌마을길 27 (본촌동) 광주광역시 동물보호소,광주광역시 북구 본촌마을길 27 (본촌동) 광주광역시 동물보호소,0.0,0.0
431,광주 동물보호소,광주광역시 북구 본촌마을길 27 (본촌동) 광주광역시 동물보호소,광주광역시 북구 본촌마을길 27 (본촌동) 광주광역시 동물보호소,0.0,0.0
432,광주 동물보호소,광주광역시 북구 본촌마을길 27 (본촌동) 광주광역시 동물보호소,광주광역시 북구 본촌마을길 27 (본촌동) 광주광역시 동물보호소,0.0,0.0
433,우리동물병원,인천광역시 서구 서곶로 349 (연희동) 우리동물병원,인천광역시 서구 서곶로 349 (연희동) 우리동물병원,0.0,0.0
434,가정동물병원,인천광역시 서구 가정로 346 (가정동) ,인천광역시 서구 가정로 346 (가정동) ,0.0,0.0
435,우리동물병원,인천광역시 서구 서곶로 349 (연희동) 우리동물병원,인천광역시 서구 서곶로 349 (연희동) 우리동물병원,0.0,0.0
436,현풍동물병원,대구광역시 달성군 유가읍 테크노공원로 51 (유가읍) ,대구광역시 달성군 유가읍 테크노공원로 51 (유가읍) ,0.0,0.0
437,현풍동물병원,대구광역시 달성군 유가읍 테크노공원로 51 (유가읍) ,대구광역시 달성군 유가읍 테크노공원로 51 (유가읍) ,0.0,0.0
438,현풍동물병원,대구광역시 달성군 유가읍 테크노공원로 51 (유가읍) ,대구광역시 달성군 유가읍 테크노공원로 51 (유가읍) ,0.0,0.0
439,현풍동물병원,대구광역시 달성군 유가읍 테크노공원로 51 (유가읍) ,대구광역시 달성군 유가읍 테크노공원로 51 (유가읍) ,0.0,0.0
440,대구유기동물보호협회,대구광역시 동구 금강로 151-13 (금강동) ,대구광역시 동구 금강로 151-13 (금강동) ,0.0,0.0
441,부산동물보호센터,부산광역시 강서구 맥도강변길 752-15 (대저2동) ,부산광역시 강서구 맥도강변길 752-15 (대저2동) ,0.0,0.0
442,강동리본센터(reborn),서울특별시 강동구 양재대로81길 73 (성내동) ,서울특별시 강동구 양재대로81길 73 (성내동) ,0.0,0.0
443,화천군농업기술센터,강원도 화천군 상서면 영서로 6387-9  화천농업기술센터,강원도 화천군 상서면 영서로 6387-9  화천농업기술센터,0.0,0.0
444,광명반함센터,경기도 광명시 오리로854번길 10 (철산동) 지하1층,경기도 광명시 오리로854번길 10 (철산동) 지하1층,0.0,0.0
445,함양군위탁보호소,"경상남도 함양군 함양읍 함양남서로 996-76 (함양읍, 농업기술센터) ","경상남도 함양군 함양읍 함양남서로 996-76 (함양읍, 농업기술센터) ",0.0,0.0
446,베스트동물병원,"인천광역시 강화군 강화읍 강화대로 217 (강화읍, 린나이보일러) ","인천광역시 강화군 강화읍 강화대로 217 (강화읍, 린나이보일러) ",0.0,0.0
447,울산유기동물보호센터,울산광역시 울주군 온양읍 화산발리로 543 (온양읍) ,울산광역시 울주군 온양읍 화산발리로 543 (온양읍) ,0.0,0.0
448,영광동물보호센터,전라남도 영광군 불갑면 함영로 2755-48  ,전라남도 영광군 불갑면 함영로 2755-48  ,35.2411487,126.5031821
449,보성유기동물보호센터,전라남도 보성군 노동면 노동천동길 221  ,전라남도 보성군 노동면 노동천동길 221  ,0.0,0.0
450,보성유기동물보호센터,전라남도 보성군 노동면 노동천동길 221  ,전라남도 보성군 노동면 노동천동길 221  ,0.0,0.0
451,횡성유기동물보호센터,강원도 원주시 호저면 칠봉로 110-6  ,강원도 원주시 호저면 칠봉로 110-6  ,37.4133886,127.9193008
452,웰케어 동물병원,"서울특별시 마포구 월드컵북로 27 (서교동, 이화빌딩) 서교동447-2","서울특별시 마포구 월드컵북로 27 (서교동, 이화빌딩) 서교동447-2",0.0,0.0
453,한국동물구조관리협회,경기도 양주시 남면 감악산로 63-48  ,경기도 양주시 남면 감악산로 63-48  ,0.0,0.0
454,한국동물구조관리협회,경기도 양주시 남면 감악산로 63-48  ,경기도 양주시 남면 감악산로 63-48  ,0.0,0.0
455,한국동물구조관리협회,경기도 양주시 남면 감악산로 63-48  ,경기도 양주시 남면 감악산로 63-48  ,0.0,0.0
456,한국동물구조관리협회,경기도 양주시 남면 감악산로 63-48  ,경기도 양주시 남면 감악산로 63-48  ,0.0,0.0
457,한국동물구조관리협회,경기도 양주시 남면 감악산로 63-48  ,경기도 양주시 남면 감악산로 63-48  ,0.0,0.0
458,한국동물구조관리협회,경기도 양주시 남면 감악산로 63-48  ,경기도 양주시 남면 감악산로 63-48  ,0.0,0.0
459,제주 동물보호센터,제주특별자치도 제주시 첨단동길 184-14 (용강동) ,제주특별자치도 제주시 첨단동길 184-14 (용강동) ,0.0,0.0
460,제주 동물보호센터,제주특별자치도 제주시 첨단동길 184-14 (용강동) ,제주특별자치도 제주시 첨단동길 184-14 (용강동) ,0.0,0.0
461,제주 동물보호센터,제주특별자치도 제주시 첨단동길 184-14 (용강동) ,제주특별자치도 제주시 첨단동길 184-14 (용강동) ,0.0,0.0
462,제주 동물보호센터,제주특별자치도 제주시 첨단동길 184-14 (용강동) ,제주특별자치도 제주시 첨단동길 184-14 (용강동) ,0.0,0.0
463,제주 동물보호센터,제주특별자치도 제주시 첨단동길 184-14 (용강동) ,제주특별자치도 제주시 첨단동길 184-14 (용강동) ,0.0,0.0
464,제주 동물보호센터,제주특별자치도 제주시 첨단동길 184-14 (용강동) ,제주특별자치도 제주시 첨단동길 184-14 (용강동) ,0.0,0.0
465,제주 동물보호센터,제주특별자치도 제주시 첨단동길 184-14 (용강동) ,제주특별자치도 제주시 첨단동길 184-14 (용강동) ,0.0,0.0
466,제주 동물보호센터,제주특별자치도 제주시 첨단동길 184-14 (용강동) ,제주특별자치도 제주시 첨단동길 184-14 (용강동) ,0.0,0.0
467,유기동물및관리협회,부산광역시 강서구 가락대로1283번길 25-2 (봉림동) (사)유기동물및보호관리협회,부산광역시 강서구 가락대로1283번길 25-2 (봉림동) (사)유기동물및보호관리협회,0.0,0.0
468,유기동물및관리협회,부산광역시 강서구 가락대로1283번길 25-2 (봉림동) (사)유기동물및보호관리협회,부산광역시 강서구 가락대로1283번길 25-2 (봉림동) (사)유기동물및보호관리협회,0.0,0.0
469,울진군동물보호센터,경상북도 울진군 울진읍 대흥신림로 916-37  ,경상북도 울진군 울진읍 대흥신림로 916-37  ,36.9896045,129.3317313
470,영천유기동물보호센터,"경상북도 영천시 천문로 622-13 (오미동, 영천시농업기술센터) ","경상북도 영천시 천문로 622-13 (오미동, 영천시농업기술센터) ",0.0,0.0
471,구미시 동물보호센터,경상북도 구미시 해평면 낙동대로 2206  ,경상북도 구미시 해평면 낙동대로 2206  ,36.2254166,128.3621271
472,구미시 동물보호센터,경상북도 구미시 해평면 낙동대로 2206  ,경상북도 구미시 해평면 낙동대로 2206  ,36.2254166,128.3621271
473,해남유기동물보호센터,전라남도 해남군 해남읍 용머리길 14-37  ,전라남도 해남군 해남읍 용머리길 14-37  ,34.563169,126.5846114
474,해남유기동물보호센터,전라남도 해남군 해남읍 용머리길 14-37  ,전라남도 해남군 해남읍 용머리길 14-37  ,34.563169,126.5846114
475,해남유기동물보호센터,전라남도 해남군 해남읍 용머리길 14-37  ,전라남도 해남군 해남읍 용머리길 14-37  ,34.563169,126.5846114
476,장흥군 동물보호센터,"전라남도 장흥군 안양면 우드랜드길 288 (안양면, 남도국제교육원) 축산사업소","전라남도 장흥군 안양면 우드랜드길 288 (안양면, 남도국제교육원) 축산사업소",0.0,0.0
477,담양군 동물보호센터,전라남도 담양군 용면 시암골로 280-57 (용면) :용면 두장리 21번지,전라남도 담양군 용면 시암골로 280-57 (용면) :용면 두장리 21번지,0.0,0.0
478,담양군 동물보호센터,전라남도 담양군 용면 시암골로 280-57 (용면) :용면 두장리 21번지,전라남도 담양군 용면 시암골로 280-57 (용면) :용면 두장리 21번지,0.0,0.0
479,담양군 동물보호센터,전라남도 담양군 용면 시암골로 280-57 (용면) :용면 두장리 21번지,전라남도 담양군 용면 시암골로 280-57 (용면) :용면 두장리 21번지,0.0,0.0
480,나주유기동물보호센터,전라남도 나주시 산포면 내기3길 71-43 [*미고시] ,전라남도 나주시 산포면 내기3길 71-43 [*미고시] ,0.0,0.0
481,익산유기동물보호소,전북특별자치도 익산시 서동로42길 77 (용제동) 16통 1반,전북특별자치도 익산시 서동로42길 77 (용제동) 16통 1반,0.0,0.0
482,익산유기동물보호소,전북특별자치도 익산시 서동로42길 77 (용제동) 16통 1반,전북특별자치도 익산시 서동로42길 77 (용제동) 16통 1반,0.0,0.0
483,익산유기동물보호소,전북특별자치도 익산시 서동로42길 77 (용제동) 16통 1반,전북특별자치도 익산시 서동로42길 77 (용제동) 16통 1반,0.0,0.0
484,익산유기동물보호소,전북특별자치도 익산시 서동로42길 77 (용제동) 16통 1반,전북특별자치도 익산시 서동로42길 77 (용제동) 16통 1반,0.0,0.0
485,익산유기동물보호소,전북특별자치도 익산시 서동로42길 77 (용제동) 16통 1반,전북특별자치도 익산시 서동로42길 77 (용제동) 16통 1반,0.0,0.0
486,익산유기동물보호소,전북특별자치도 익산시 서동로42길 77 (용제동) 16통 1반,전북특별자치도 익산시 서동로42길 77 (용제동) 16통 1반,0.0,0.0
487,익산유기동물보호소,전북특별자치도 익산시 서동로42길 77 (용제동) 16통 1반,전북특별자치도 익산시 서동로42길 77 (용제동) 16통 1반,0.0,0.0
488,군산유기동물보호센터,전라북도 군산시 대야면 보덕안정길 108-20  ,전라북도 군산시 대야면 보덕안정길 108-20  ,0.0,0.0
489,군산유기동물보호센터,전라북도 군산시 대야면 보덕안정길 108-20  ,전라북도 군산시 대야면 보덕안정길 108-20  ,0.0,0.0
490,군산유기동물보호센터,전라북도 군산시 대야면 보덕안정길 108-20  ,전라북도 군산시 대야면 보덕안정길 108-20  ,0.0,0.0
491,군산유기동물보호센터,전라북도 군산시 대야면 보덕안정길 108-20  ,전라북도 군산시 대야면 보덕안정길 108-20  ,0.0,0.0
492,괴산증평동물보호센터,충청북도 증평군 도안면 입장길 239 (도안면) ,충청북도 증평군 도안면 입장길 239 (도안면) ,0.0,0.0
493,괴산증평동물보호센터,충청북도 증평군 도안면 입장길 239 (도안면) ,충청북도 증평군 도안면 입장길 239 (도안면) ,0.0,0.0
494,괴산증평동물보호센터,충청북도 증평군 도안면 입장길 239 (도안면) ,충청북도 증평군 도안면 입장길 239 (도안면) ,0.0,0.0
495,괴산증평동물보호센터,충청북도 증평군 도안면 입장길 239 (도안면) ,충청북도 증평군 도안면 입장길 239 (도안면) ,0.0,0.0
496,괴산증평동물보호센터,충청북도 증평군 도안면 입장길 239 (도안면) ,충청북도 증평군 도안면 입장길 239 (도안면) ,0.0,0.0
497,괴산증평동물보호센터,충청북도 증평군 도안면 입장길 239 (도안면) ,충청북도 증평군 도안면 입장길 239 (도안면) ,0.0,0.0
498,괴산증평동물보호센터,충청북도 증평군 도안면 입장길 239 (도안면) ,충청북도 증평군 도안면 입장길 239 (도안면) ,0.0,0.0
499,괴산증평동물보호센터,충청북도 증평군 도안면 입장길 239 (도안면) ,충청북도 증평군 도안면 입장길 239 (도안면) ,0.0,0.0
500,괴산증평동물보호센터,충청북도 증평군 도안면 입장길 239 (도안면) ,충청북도 증평군 도안면 입장길 239 (도안면) ,0.0,0.0
501,괴산증평동물보호센터,충청북도 증평군 도안면 입장길 239 (도안면) ,충청북도 증평군 도안면 입장길 239 (도안면) ,0.0,0.0
502,괴산증평동물보호센터,충청북도 증평군 도안면 입장길 239 (도안면) ,충청북도 증평군 도안면 입장길 239 (도안면) ,0.0,0.0
503,괴산증평동물보호센터,충청북도 증평군 도안면 입장길 239 (도안면) ,충청북도 증평군 도안면 입장길 239 (도안면) ,0.0,0.0
504,괴산증평동물보호센터,충청북도 증평군 도안면 입장길 239 (도안면) ,충청북도 증평군 도안면 입장길 239 (도안면) ,0.0,0.0
505,괴산증평동물보호센터,충청북도 증평군 도안면 입장길 239 (도안면) ,충청북도 증평군 도안면 입장길 239 (도안면) ,0.0,0.0
506,괴산증평동물보호센터,충청북도 증평군 도안면 입장길 239 (도안면) ,충청북도 증평군 도안면 입장길 239 (도안면) ,0.0,0.0
507,괴산증평동물보호센터,충청북도 증평군 도안면 입장길 239 (도안면) ,충청북도 증평군 도안면 입장길 239 (도안면) ,0.0,0.0
508,괴산증평동물보호센터,충청북도 증평군 도안면 입장길 239 (도안면) ,충청북도 증평군 도안면 입장길 239 (도안면) ,0.0,0.0
509,괴산증평동물보호센터,충청북도 증평군 도안면 입장길 239 (도안면) ,충청북도 증평군 도안면 입장길 239 (도안면) ,0.0,0.0
510,괴산증평동물보호센터,충청북도 증평군 도안면 입장길 239 (도안면) ,충청북도 증평군 도안면 입장길 239 (도안면) ,0.0,0.0
511,괴산증평동물보호센터,충청북도 증평군 도안면 입장길 239 (도안면) ,충청북도 증평군 도안면 입장길 239 (도안면) ,0.0,0.0
512,괴산증평동물보호센터,충청북도 증평군 도안면 입장길 239 (도안면) ,충청북도 증평군 도안면 입장길 239 (도안면) ,0.0,0.0
513,괴산증평동물보호센터,충청북도 증평군 도안면 입장길 239 (도안면) ,충청북도 증평군 도안면 입장길 239 (도안면) ,0.0,0.0
514,괴산증평동물보호센터,충청북도 증평군 도안면 입장길 239 (도안면) ,충청북도 증평군 도안면 입장길 239 (도안면) ,0.0,0.0
515,괴산증평동물보호센터,충청북도 증평군 도안면 입장길 239 (도안면) ,충청북도 증평군 도안면 입장길 239 (도안면) ,0.0,0.0
516,춘천시 동물보호센터,강원도 춘천시 신북읍 영서로 3282 (신북읍) (전)102보충대 주차장,강원도 춘천시 신북읍 영서로 3282 (신북읍) (전)102보충대 주차장,0.0,0.0
517,한국동물구조관리협회,경기도 양주시 남면 감악산로 63-37  ,경기도 양주시 남면 감악산로 63-37  ,0.0,0.0
518,한국동물구조관리협회,경기도 양주시 남면 감악산로 63-37  ,경기도 양주시 남면 감악산로 63-37  ,0.0,0.0
519,한국동물구조관리협회,경기도 양주시 남면 감악산로 63-37  ,경기도 양주시 남면 감악산로 63-37  ,0.0,0.0
520,한국동물구조관리협회,경기도 양주시 남면 감악산로 63-37 (남면) ,경기도 양주시 남면 감악산로 63-37 (남면) ,0.0,0.0
521,광주TNR동물병원초월,경기도 광주시 초월읍 현산로385번길 74-12 (초월읍) ,경기도 광주시 초월읍 현산로385번길 74-12 (초월읍) ,0.0,0.0
522,남양동물보호센터,경기도 화성시 남양읍 화성로 1483-27 (남양읍) ,경기도 화성시 남양읍 화성로 1483-27 (남양읍) ,0.0,0.0
523,한국동물구조관리협회,경기도 양주시 남면 감악산로 63-37 ,경기도 양주시 남면 감악산로 63-37 ,0.0,0.0
524,한국동물구조관리협회,경기도 양주시 남면 감악산로 63-37 (남면) ,경기도 양주시 남면 감악산로 63-37 (남면) ,0.0,0.0
525,이성준동물병원,경기도 안성시 중앙로 431-1 (봉남동) ,경기도 안성시 중앙로 431-1 (봉남동) ,0.0,0.0
526,이성준동물병원,경기도 안성시 중앙로 431-1 (봉남동) ,경기도 안성시 중앙로 431-1 (봉남동) ,0.0,0.0
527,이성준동물병원,경기도 안성시 중앙로 431-1 (봉남동) ,경기도 안성시 중앙로 431-1 (봉남동) ,0.0,0.0
528,한국동물구조관리협회,경기도 양주시 남면 감악산로 63-37  ,경기도 양주시 남면 감악산로 63-37  ,0.0,0.0
529,남양주시동물보호센터,경기도 남양주시 경강로163번길 32-27 (이패동) ,경기도 남양주시 경강로163번길 32-27 (이패동) ,0.0,0.0
530,남양주시동물보호센터,경기도 남양주시 경강로163번길 32-27 (이패동) ,경기도 남양주시 경강로163번길 32-27 (이패동) ,0.0,0.0
531,고양시동물보호센터,"경기도 고양시 덕양구 고양대로 1695 (원흥동, 고양시 농업기술센터) 고양시동물보호센터","경기도 고양시 덕양구 고양대로 1695 (원흥동, 고양시 농업기술센터) 고양시동물보호센터",0.0,0.0
532,광주 동물보호소,광주광역시 북구 본촌마을길 27 (본촌동) 광주광역시 동물보호소,광주광역시 북구 본촌마을길 27 (본촌동) 광주광역시 동물보호소,0.0,0.0
533,광주 동물보호소,광주광역시 북구 본촌마을길 27 (본촌동) 광주광역시 동물보호소,광주광역시 북구 본촌마을길 27 (본촌동) 광주광역시 동물보호소,0.0,0.0
534,삼산종합동물병원,인천광역시 부평구 체육관로 40 (삼산동) ,인천광역시 부평구 체육관로 40 (삼산동) ,0.0,0.0
535,인천광역시수의사회,"인천광역시 계양구 다남로165번길 56 (다남동, 유기동물보호소) ","인천광역시 계양구 다남로165번길 56 (다남동, 유기동물보호소) ",0.0,0.0
536,사단법인 동부,부산광역시 해운대구 송정2로13번길 46 (송정동) ,부산광역시 해운대구 송정2로13번길 46 (송정동) ,0.0,0.0
537,사단법인 동부,부산광역시 해운대구 송정2로13번길 46 (송정동) ,부산광역시 해운대구 송정2로13번길 46 (송정동) ,0.0,0.0
538,동물보호관리협회,부산광역시 강서구 가락대로1283번길 25-2 (봉림동) ,부산광역시 강서구 가락대로1283번길 25-2 (봉림동) ,0.0,0.0
539,강현림동물병원,서울특별시 양천구 등촌로 160 (목동) 1층,서울특별시 양천구 등촌로 160 (목동) 1층,0.0,0.0
540,한국동물구조관리협회,경기도 양주시 남면 감악산로 63-37 (남면) ,경기도 양주시 남면 감악산로 63-37 (남면) ,0.0,0.0
541,남양주시동물보호센터,경기도 남양주시 경강로163번길 32-27 (이패동) ,경기도 남양주시 경강로163번길 32-27 (이패동) ,0.0,0.0
542,남양주시동물보호센터,경기도 남양주시 경강로163번길 32-27 (이패동) ,경기도 남양주시 경강로163번길 32-27 (이패동) ,0.0,0.0
543,남양주시동물보호센터,경기도 남양주시 경강로163번길 32-27 (이패동) ,경기도 남양주시 경강로163번길 32-27 (이패동) ,0.0,0.0
544,남양주시동물보호센터,경기도 남양주시 경강로163번길 32-27 (이패동) ,경기도 남양주시 경강로163번길 32-27 (이패동) ,0.0,0.0
545,남양주시동물보호센터,경기도 남양주시 경강로163번길 32-27 (이패동) ,경기도 남양주시 경강로163번길 32-27 (이패동) ,0.0,0.0
546,남양주시동물보호센터,경기도 남양주시 경강로163번길 32-27 (이패동) ,경기도 남양주시 경강로163번길 32-27 (이패동) ,0.0,0.0
547,남양주시동물보호센터,경기도 남양주시 경강로163번길 32-27 (이패동) ,경기도 남양주시 경강로163번길 32-27 (이패동) ,0.0,0.0
548,남양주시동물보호센터,경기도 남양주시 경강로163번길 32-27 (이패동) ,경기도 남양주시 경강로163번길 32-27 (이패동) ,0.0,0.0
549,남양주시동물보호센터,경기도 남양주시 경강로163번길 32-27 (이패동) ,경기도 남양주시 경강로163번길 32-27 (이패동) ,0.0,0.0
550,남양주시동물보호센터,경기도 남양주시 경강로163번길 32-27 (이패동) ,경기도 남양주시 경강로163번길 32-27 (이패동) ,0.0,0.0
551,남양주시동물보호센터,경기도 남양주시 경강로163번길 32-27 (이패동) ,경기도 남양주시 경강로163번길 32-27 (이패동) ,0.0,0.0
552,남양주시동물보호센터,경기도 남양주시 경강로163번길 32-27 (이패동) ,경기도 남양주시 경강로163번길 32-27 (이패동) ,0.0,0.0
553,남양주시동물보호센터,경기도 남양주시 경강로163번길 32-27 (이패동) ,경기도 남양주시 경강로163번길 32-27 (이패동) ,0.0,0.0
554,남양주시동물보호센터,경기도 남양주시 경강로163번길 32-27 (이패동) ,경기도 남양주시 경강로163번길 32-27 (이패동) ,0.0,0.0
555,남양주시동물보호센터,경기도 남양주시 경강로163번길 32-27 (이패동) ,경기도 남양주시 경강로163번길 32-27 (이패동) ,0.0,0.0
556,남양주시동물보호센터,경기도 남양주시 경강로163번길 32-27 (이패동) ,경기도 남양주시 경강로163번길 32-27 (이패동) ,0.0,0.0
557,남양주시동물보호센터,경기도 남양주시 경강로163번길 32-27 (이패동) ,경기도 남양주시 경강로163번길 32-27 (이패동) ,0.0,0.0
558,남양주시동물보호센터,경기도 남양주시 경강로163번길 32-27 (이패동) ,경기도 남양주시 경강로163번길 32-27 (이패동) ,0.0,0.0
559,남양주시동물보호센터,경기도 남양주시 경강로163번길 32-27 (이패동) ,경기도 남양주시 경강로163번길 32-27 (이패동) ,0.0,0.0
560,남양주시동물보호센터,경기도 남양주시 경강로163번길 32-27 (이패동) ,경기도 남양주시 경강로163번길 32-27 (이패동) ,0.0,0.0
561,남양주시동물보호센터,경기도 남양주시 경강로163번길 32-27 (이패동) ,경기도 남양주시 경강로163번길 32-27 (이패동) ,0.0,0.0
562,남양주시동물보호센터,경기도 남양주시 경강로163번길 32-27 (이패동) ,경기도 남양주시 경강로163번길 32-27 (이패동) ,0.0,0.0
563,남양주시동물보호센터,경기도 남양주시 경강로163번길 32-27 (이패동) ,경기도 남양주시 경강로163번길 32-27 (이패동) ,0.0,0.0
564,남양주시동물보호센터,경기도 남양주시 경강로163번길 32-27 (이패동) ,경기도 남양주시 경강로163번길 32-27 (이패동) ,0.0,0.0
565,남양주시동물보호센터,경기도 남양주시 경강로163번길 32-27 (이패동) ,경기도 남양주시 경강로163번길 32-27 (이패동) ,0.0,0.0
566,남양주시동물보호센터,경기도 남양주시 경강로163번길 32-27 (이패동) ,경기도 남양주시 경강로163번길 32-27 (이패동) ,0.0,0.0
567,남양주시동물보호센터,경기도 남양주시 경강로163번길 32-27 (이패동) ,경기도 남양주시 경강로163번길 32-27 (이패동) ,0.0,0.0
568,남양주시동물보호센터,경기도 남양주시 경강로163번길 32-27 (이패동) ,경기도 남양주시 경강로163번길 32-27 (이패동) ,0.0,0.0
569,남양주시동물보호센터,경기도 남양주시 경강로163번길 32-27 (이패동) ,경기도 남양주시 경강로163번길 32-27 (이패동) ,0.0,0.0
570,남양주시동물보호센터,경기도 남양주시 경강로163번길 32-27 (이패동) ,경기도 남양주시 경강로163번길 32-27 (이패동) ,0.0,0.0
571,남양주시동물보호센터,경기도 남양주시 경강로163번길 32-27 (이패동) ,경기도 남양주시 경강로163번길 32-27 (이패동) ,0.0,0.0
572,남양주시동물보호센터,경기도 남양주시 경강로163번길 32-27 (이패동) ,경기도 남양주시 경강로163번길 32-27 (이패동) ,0.0,0.0
573,남양주시동물보호센터,경기도 남양주시 경강로163번길 32-27 (이패동) ,경기도 남양주시 경강로163번길 32-27 (이패동) ,0.0,0.0
574,남양주시동물보호센터,경기도 남양주시 경강로163번길 32-27 (이패동) ,경기도 남양주시 경강로163번길 32-27 (이패동) ,0.0,0.0
575,남양주시동물보호센터,경기도 남양주시 경강로163번길 32-27 (이패동) ,경기도 남양주시 경강로163번길 32-27 (이패동) ,0.0,0.0
576,남양주시동물보호센터,경기도 남양주시 경강로163번길 32-27 (이패동) ,경기도 남양주시 경강로163번길 32-27 (이패동) ,0.0,0.0
577,남양주시동물보호센터,경기도 남양주시 경강로163번길 32-27 (이패동) ,경기도 남양주시 경강로163번길 32-27 (이패동) ,0.0,0.0
578,남양주시동물보호센터,경기도 남양주시 경강로163번길 32-27 (이패동) ,경기도 남양주시 경강로163번길 32-27 (이패동) ,0.0,0.0
579,남양주시동물보호센터,경기도 남양주시 경강로163번길 32-27 (이패동) ,경기도 남양주시 경강로163번길 32-27 (이패동) ,0.0,0.0
580,남양주시동물보호센터,경기도 남양주시 경강로163번길 32-27 (이패동) ,경기도 남양주시 경강로163번길 32-27 (이패동) ,0.0,0.0
581,남양주시동물보호센터,경기도 남양주시 경강로163번길 32-27 (이패동) ,경기도 남양주시 경강로163번길 32-27 (이패동) ,0.0,0.0
582,남양주시동물보호센터,경기도 남양주시 경강로163번길 32-27 (이패동) ,경기도 남양주시 경강로163번길 32-27 (이패동) ,0.0,0.0
583,남양주시동물보호센터,경기도 남양주시 경강로163번길 32-27 (이패동) ,경기도 남양주시 경강로163번길 32-27 (이패동) ,0.0,0.0
584,남양주시동물보호센터,경기도 남양주시 경강로163번길 32-27 (이패동) ,경기도 남양주시 경강로163번길 32-27 (이패동) ,0.0,0.0
585,남양주시동물보호센터,경기도 남양주시 경강로163번길 32-27 (이패동) ,경기도 남양주시 경강로163번길 32-27 (이패동) ,0.0,0.0
586,남양주시동물보호센터,경기도 남양주시 경강로163번길 32-27 (이패동) ,경기도 남양주시 경강로163번길 32-27 (이패동) ,0.0,0.0
587,남양주시동물보호센터,경기도 남양주시 경강로163번길 32-27 (이패동) ,경기도 남양주시 경강로163번길 32-27 (이패동) ,0.0,0.0
588,남양주시동물보호센터,경기도 남양주시 경강로163번길 32-27 (이패동) ,경기도 남양주시 경강로163번길 32-27 (이패동) ,0.0,0.0
589,남양주시동물보호센터,경기도 남양주시 경강로163번길 32-27 (이패동) ,경기도 남양주시 경강로163번길 32-27 (이패동) ,0.0,0.0
590,남양주시동물보호센터,경기도 남양주시 경강로163번길 32-27 (이패동) ,경기도 남양주시 경강로163번길 32-27 (이패동) ,0.0,0.0
591,남양주시동물보호센터,경기도 남양주시 경강로163번길 32-27 (이패동) ,경기도 남양주시 경강로163번길 32-27 (이패동) ,0.0,0.0
592,남양주시동물보호센터,경기도 남양주시 경강로163번길 32-27 (이패동) ,경기도 남양주시 경강로163번길 32-27 (이패동) ,0.0,0.0
593,남양주시동물보호센터,경기도 남양주시 경강로163번길 32-27 (이패동) ,경기도 남양주시 경강로163번길 32-27 (이패동) ,0.0,0.0
594,남양주시동물보호센터,경기도 남양주시 경강로163번길 32-27 (이패동) ,경기도 남양주시 경강로163번길 32-27 (이패동) ,0.0,0.0
595,남양주시동물보호센터,경기도 남양주시 경강로163번길 32-27 (이패동) ,경기도 남양주시 경강로163번길 32-27 (이패동) ,0.0,0.0
596,남양주시동물보호센터,경기도 남양주시 경강로163번길 32-27 (이패동) ,경기도 남양주시 경강로163번길 32-27 (이패동) ,0.0,0.0
597,남양주시동물보호센터,경기도 남양주시 경강로163번길 32-27 (이패동) ,경기도 남양주시 경강로163번길 32-27 (이패동) ,0.0,0.0
598,남양주시동물보호센터,경기도 남양주시 경강로163번길 32-27 (이패동) ,경기도 남양주시 경강로163번길 32-27 (이패동) ,0.0,0.0
599,남양주시동물보호센터,경기도 남양주시 경강로163번길 32-27 (이패동) ,경기도 남양주시 경강로163번길 32-27 (이패동) ,0.0,0.0
600,남양주시동물보호센터,경기도 남양주시 경강로163번길 32-27 (이패동) ,경기도 남양주시 경강로163번길 32-27 (이패동) ,0.0,0.0
601,남양주시동물보호센터,경기도 남양주시 경강로163번길 32-27 (이패동) ,경기도 남양주시 경강로163번길 32-27 (이패동) ,0.0,0.0
602,남양주시동물보호센터,경기도 남양주시 경강로163번길 32-27 (이패동) ,경기도 남양주시 경강로163번길 32-27 (이패동) ,0.0,0.0
603,광주 동물보호소,광주광역시 북구 본촌마을길 27 (본촌동) 광주광역시 동물보호소,광주광역시 북구 본촌마을길 27 (본촌동) 광주광역시 동물보호소,0.0,0.0
604,광주 동물보호소,광주광역시 북구 본촌마을길 27 (본촌동) 광주광역시 동물보호소,광주광역시 북구 본촌마을길 27 (본촌동) 광주광역시 동물보호소,0.0,0.0
605,창원유기동물보호소,"경상남도 창원시 의창구 창이대로 71 (명서동, 창원시농업기술센터) 축산과","경상남도 창원시 의창구 창이대로 71 (명서동, 창원시농업기술센터) 축산과",0.0,0.0
606,창원유기동물보호소,"경상남도 창원시 의창구 창이대로 71 (명서동, 창원시농업기술센터) 축산과","경상남도 창원시 의창구 창이대로 71 (명서동, 창원시농업기술센터) 축산과",0.0,0.0
607,태민동물병원,"경상남도 합천군 합천읍 옥산로 16 (합천읍, 까치빌라) 태민동물병원","경상남도 합천군 합천읍 옥산로 16 (합천읍, 까치빌라) 태민동물병원",0.0,0.0
608,남해군유기동물보호소,경상남도 남해군 이동면 무림로 33-13 (이동면) ,경상남도 남해군 이동면 무림로 33-13 (이동면) ,0.0,0.0
609,남해군유기동물보호소,경상남도 남해군 이동면 무림로 33-13 (이동면) ,경상남도 남해군 이동면 무림로 33-13 (이동면) ,0.0,0.0
610,남해군유기동물보호소,경상남도 남해군 이동면 무림로 33-13 (이동면) ,경상남도 남해군 이동면 무림로 33-13 (이동면) ,0.0,0.0
611,사천시 동물보호센터,경상남도 사천시 용현면 진삼로 902  사천시유기동물보호소,경상남도 사천시 용현면 진삼로 902  사천시유기동물보호소,0.0,0.0
612,사천시 동물보호센터,경상남도 사천시 용현면 진삼로 902  사천시유기동물보호소,경상남도 사천시 용현면 진삼로 902  사천시유기동물보호소,0.0,0.0
613,사천시 동물보호센터,경상남도 사천시 용현면 진삼로 902  사천시유기동물보호소,경상남도 사천시 용현면 진삼로 902  사천시유기동물보호소,0.0,0.0
614,사천시 동물보호센터,경상남도 사천시 용현면 진삼로 902  사천시유기동물보호소,경상남도 사천시 용현면 진삼로 902  사천시유기동물보호소,0.0,0.0
615,사천시 동물보호센터,경상남도 사천시 용현면 진삼로 902  사천시유기동물보호소,경상남도 사천시 용현면 진삼로 902  사천시유기동물보호소,0.0,0.0
616,사천시 동물보호센터,경상남도 사천시 용현면 진삼로 902  사천시유기동물보호소,경상남도 사천시 용현면 진삼로 902  사천시유기동물보호소,0.0,0.0
617,진해유기동물보호소,경상남도 창원시 진해구 웅천로 218 (성내동) 도시농업과 부지 내,경상남도 창원시 진해구 웅천로 218 (성내동) 도시농업과 부지 내,0.0,0.0
618,진주시동물보호센터,"경상남도 진주시 집현면 신당길207번길 22 (집현면, 지역농업개발시설) ","경상남도 진주시 집현면 신당길207번길 22 (집현면, 지역농업개발시설) ",0.0,0.0
619,진주시동물보호센터,"경상남도 진주시 집현면 신당길207번길 22 (집현면, 지역농업개발시설) ","경상남도 진주시 집현면 신당길207번길 22 (집현면, 지역농업개발시설) ",0.0,0.0
620,진주시동물보호센터,"경상남도 진주시 집현면 신당길207번길 22 (집현면, 지역농업개발시설) ","경상남도 진주시 집현면 신당길207번길 22 (집현면, 지역농업개발시설) ",0.0,0.0
621,진주시동물보호센터,"경상남도 진주시 집현면 신당길207번길 22 (집현면, 지역농업개발시설) ","경상남도 진주시 집현면 신당길207번길 22 (집현면, 지역농업개발시설) ",0.0,0.0
622,진주시동물보호센터,"경상남도 진주시 집현면 신당길207번길 22 (집현면, 지역농업개발시설) ","경상남도 진주시 집현면 신당길207번길 22 (집현면, 지역농업개발시설) ",0.0,0.0
623,진주시동물보호센터,"경상남도 진주시 집현면 신당길207번길 22 (집현면, 지역농업개발시설) ","경상남도 진주시 집현면 신당길207번길 22 (집현면, 지역농업개발시설) ",0.0,0.0
624,진주시동물보호센터,"경상남도 진주시 집현면 신당길207번길 22 (집현면, 지역농업개발시설) ","경상남도 진주시 집현면 신당길207번길 22 (집현면, 지역농업개발시설) ",0.0,0.0
625,진주시동물보호센터,"경상남도 진주시 집현면 신당길207번길 22 (집현면, 지역농업개발시설) ","경상남도 진주시 집현면 신당길207번길 22 (집현면, 지역농업개발시설) ",0.0,0.0
626,진주시동물보호센터,"경상남도 진주시 집현면 신당길207번길 22 (집현면, 지역농업개발시설) ","경상남도 진주시 집현면 신당길207번길 22 (집현면, 지역농업개발시설) ",0.0,0.0
627,성주유기동물보호센터,경상북도 성주군 선남면 선노로 522 (선남면) ,경상북도 성주군 선남면 선노로 522 (선남면) ,0.0,0.0
628,성주유기동물보호센터,경상북도 성주군 선남면 선노로 522 (선남면) ,경상북도 성주군 선남면 선노로 522 (선남면) ,0.0,0.0
629,성주유기동물보호센터,경상북도 성주군 선남면 선노로 522 (선남면) ,경상북도 성주군 선남면 선노로 522 (선남면) ,0.0,0.0
630,고령군 임시보호소,경상북도 고령군 운수면 하법길 37 (운수면) ,경상북도 고령군 운수면 하법길 37 (운수면) ,0.0,0.0
631,영덕유기동물보호센터,경상북도 영덕군 영덕읍 구미2길 14-1 (영덕읍) 영덕군유기동물보호센터,경상북도 영덕군 영덕읍 구미2길 14-1 (영덕읍) 영덕군유기동물보호센터,0.0,0.0
632,영덕유기동물보호센터,경상북도 영덕군 영덕읍 구미2길 14-1 (영덕읍) 영덕군유기동물보호센터,경상북도 영덕군 영덕읍 구미2길 14-1 (영덕읍) 영덕군유기동물보호센터,0.0,0.0
633,영덕유기동물보호센터,경상북도 영덕군 영덕읍 구미2길 14-1 (영덕읍) 영덕군유기동물보호센터,경상북도 영덕군 영덕읍 구미2길 14-1 (영덕읍) 영덕군유기동물보호센터,0.0,0.0
634,영덕유기동물보호센터,경상북도 영덕군 영덕읍 구미2길 14-1 (영덕읍) 영덕군유기동물보호센터,경상북도 영덕군 영덕읍 구미2길 14-1 (영덕읍) 영덕군유기동물보호센터,0.0,0.0
635,영덕유기동물보호센터,경상북도 영덕군 영덕읍 구미2길 14-1 (영덕읍) 영덕군유기동물보호센터,경상북도 영덕군 영덕읍 구미2길 14-1 (영덕읍) 영덕군유기동물보호센터,0.0,0.0
636,영덕유기동물보호센터,경상북도 영덕군 영덕읍 구미2길 14-1 (영덕읍) 영덕군유기동물보호센터,경상북도 영덕군 영덕읍 구미2길 14-1 (영덕읍) 영덕군유기동물보호센터,0.0,0.0
637,경산시유기동물보호소,경상북도 경산시 용성면 사양지길 95 (용성면) ,경상북도 경산시 용성면 사양지길 95 (용성면) ,0.0,0.0
638,경산시유기동물보호소,경상북도 경산시 용성면 사양지길 95 (용성면) ,경상북도 경산시 용성면 사양지길 95 (용성면) ,0.0,0.0
639,경산시유기동물보호소,경상북도 경산시 용성면 사양지길 95 (용성면) ,경상북도 경산시 용성면 사양지길 95 (용성면) ,0.0,0.0
640,경산시유기동물보호소,경상북도 경산시 용성면 사양지길 95 (용성면) ,경상북도 경산시 용성면 사양지길 95 (용성면) ,0.0,0.0
641,상주시 동물보호센터,경상북도 상주시 청리면 남상주로 1205-59  ,경상북도 상주시 청리면 남상주로 1205-59  ,36.3305601,128.1237081
642,상주시 동물보호센터,경상북도 상주시 청리면 남상주로 1205-59  ,경상북도 상주시 청리면 남상주로 1205-59  ,36.3305601,128.1237081
643,상주시 동물보호센터,경상북도 상주시 청리면 남상주로 1205-59  ,경상북도 상주시 청리면 남상주로 1205-59  ,36.3305601,128.1237081
644,상주시 동물보호센터,경상북도 상주시 청리면 남상주로 1205-59  ,경상북도 상주시 청리면 남상주로 1205-59  ,36.3305601,128.1237081
645,상주시 동물보호센터,경상북도 상주시 청리면 남상주로 1205-59  ,경상북도 상주시 청리면 남상주로 1205-59  ,36.3305601,128.1237081
646,상주시 동물보호센터,경상북도 상주시 청리면 남상주로 1205-59  ,경상북도 상주시 청리면 남상주로 1205-59  ,36.3305601,128.1237081
647,상주시 동물보호센터,경상북도 상주시 청리면 남상주로 1205-59  ,경상북도 상주시 청리면 남상주로 1205-59  ,36.3305601,128.1237081
648,상주시 동물보호센터,경상북도 상주시 청리면 남상주로 1205-59  ,경상북도 상주시 청리면 남상주로 1205-59  ,36.3305601,128.1237081
649,반려동물 입양센터,경상북도 구미시 인동22길 43-4 (진평동) ,경상북도 구미시 인동22길 43-4 (진평동) ,0.0,0.0
650,김천시 동물보호센터,경상북도 김천시 구성면 남김천대로 3296-22  하강리 44(김천시 유기동물보호센터),경상북도 김천시 구성면 남김천대로 3296-22  하강리 44(김천시 유기동물보호센터),0.0,0.0
651,고흥군임시보호센터,"전라남도 고흥군 포두면 우주로 607 (포두면, 소매점) ","전라남도 고흥군 포두면 우주로 607 (포두면, 소매점) ",0.0,0.0
652,고흥군임시보호센터,"전라남도 고흥군 포두면 우주로 607 (포두면, 소매점) ","전라남도 고흥군 포두면 우주로 607 (포두면, 소매점) ",0.0,0.0
653,고흥군임시보호센터,"전라남도 고흥군 포두면 우주로 607 (포두면, 소매점) ","전라남도 고흥군 포두면 우주로 607 (포두면, 소매점) ",0.0,0.0
654,고흥군임시보호센터,"전라남도 고흥군 포두면 우주로 607 (포두면, 소매점) ","전라남도 고흥군 포두면 우주로 607 (포두면, 소매점) ",0.0,0.0
655,고흥군임시보호센터,"전라남도 고흥군 포두면 우주로 607 (포두면, 소매점) ","전라남도 고흥군 포두면 우주로 607 (포두면, 소매점) ",0.0,0.0
656,고흥군임시보호센터,"전라남도 고흥군 포두면 우주로 607 (포두면, 소매점) ","전라남도 고흥군 포두면 우주로 607 (포두면, 소매점) ",0.0,0.0
657,고흥군임시보호센터,"전라남도 고흥군 포두면 우주로 607 (포두면, 소매점) ","전라남도 고흥군 포두면 우주로 607 (포두면, 소매점) ",0.0,0.0
658,고흥군임시보호센터,"전라남도 고흥군 포두면 우주로 607 (포두면, 소매점) ","전라남도 고흥군 포두면 우주로 607 (포두면, 소매점) ",0.0,0.0
659,고흥군임시보호센터,"전라남도 고흥군 포두면 우주로 607 (포두면, 소매점) ","전라남도 고흥군 포두면 우주로 607 (포두면, 소매점) ",0.0,0.0
660,고흥군임시보호센터,"전라남도 고흥군 포두면 우주로 607 (포두면, 소매점) ","전라남도 고흥군 포두면 우주로 607 (포두면, 소매점) ",0.0,0.0
661,고흥군임시보호센터,"전라남도 고흥군 포두면 우주로 607 (포두면, 소매점) ","전라남도 고흥군 포두면 우주로 607 (포두면, 소매점) ",0.0,0.0
662,고흥군임시보호센터,"전라남도 고흥군 포두면 우주로 607 (포두면, 소매점) ","전라남도 고흥군 포두면 우주로 607 (포두면, 소매점) ",0.0,0.0
663,고흥군임시보호센터,"전라남도 고흥군 포두면 우주로 607 (포두면, 소매점) ","전라남도 고흥군 포두면 우주로 607 (포두면, 소매점) ",0.0,0.0
664,고흥군임시보호센터,"전라남도 고흥군 포두면 우주로 607 (포두면, 소매점) ","전라남도 고흥군 포두면 우주로 607 (포두면, 소매점) ",0.0,0.0
665,고흥군임시보호센터,"전라남도 고흥군 포두면 우주로 607 (포두면, 소매점) ","전라남도 고흥군 포두면 우주로 607 (포두면, 소매점) ",0.0,0.0
666,광양시 임시보호소,전라남도 광양시 봉강면 인덕로 1169-20 (봉강면) 지곡리 864-24,전라남도 광양시 봉강면 인덕로 1169-20 (봉강면) 지곡리 864-24,0.0,0.0
667,광양시 임시보호소,전라남도 광양시 봉강면 인덕로 1169-20 (봉강면) 지곡리 864-24,전라남도 광양시 봉강면 인덕로 1169-20 (봉강면) 지곡리 864-24,0.0,0.0
668,순천시유기동물보호소,"전라남도 순천시 승주읍 승주로 628 (승주읍, 농업기술센터) 순천시유기동물보호소","전라남도 순천시 승주읍 승주로 628 (승주읍, 농업기술센터) 순천시유기동물보호소",0.0,0.0
669,순천시유기동물보호소,"전라남도 순천시 승주읍 승주로 628 (승주읍, 농업기술센터) 순천시유기동물보호소","전라남도 순천시 승주읍 승주로 628 (승주읍, 농업기술센터) 순천시유기동물보호소",0.0,0.0
670,순천시유기동물보호소,"전라남도 순천시 승주읍 승주로 628 (승주읍, 농업기술센터) 순천시유기동물보호소","전라남도 순천시 승주읍 승주로 628 (승주읍, 농업기술센터) 순천시유기동물보호소",0.0,0.0
671,목포시유기동물보호소,전라남도 무안군 삼향읍 석매길 21-3  ,전라남도 무안군 삼향읍 석매길 21-3  ,0.0,0.0
672,목포시유기동물보호소,전라남도 무안군 삼향읍 석매길 21-3  ,전라남도 무안군 삼향읍 석매길 21-3  ,0.0,0.0
673,목포시유기동물보호소,전라남도 무안군 삼향읍 석매길 21-3  ,전라남도 무안군 삼향읍 석매길 21-3  ,0.0,0.0
674,목포시유기동물보호소,전라남도 무안군 삼향읍 석매길 21-3  ,전라남도 무안군 삼향읍 석매길 21-3  ,0.0,0.0
675,목포시유기동물보호소,전라남도 무안군 삼향읍 석매길 21-3  ,전라남도 무안군 삼향읍 석매길 21-3  ,0.0,0.0
676,전북말산업복합센터,전라북도 김제시 용지면 금백로 571-39 (용지면) 전북말산업복합센터,전라북도 김제시 용지면 금백로 571-39 (용지면) 전북말산업복합센터,0.0,0.0
677,하나동물병원,전북특별자치도 남원시 왕정동 67 ,전북특별자치도 남원시 왕정동 67 ,0.0,0.0
678,하나동물병원,전북특별자치도 남원시 왕정동 67 ,전북특별자치도 남원시 왕정동 67 ,0.0,0.0
679,하나동물병원,전북특별자치도 남원시 왕정동 67 ,전북특별자치도 남원시 왕정동 67 ,0.0,0.0
680,하나동물병원,전북특별자치도 남원시 왕정동 67 ,전북특별자치도 남원시 왕정동 67 ,0.0,0.0
681,정읍시 동물보호소,전북특별자치도 정읍시 2산단5길 37-1 (하북동) ,전북특별자치도 정읍시 2산단5길 37-1 (하북동) ,0.0,0.0
682,정읍시 동물보호소,전북특별자치도 정읍시 2산단5길 37-1 (하북동) ,전북특별자치도 정읍시 2산단5길 37-1 (하북동) ,0.0,0.0
683,정읍시 동물보호소,전북특별자치도 정읍시 2산단5길 37-1 (하북동) ,전북특별자치도 정읍시 2산단5길 37-1 (하북동) ,0.0,0.0
684,당진시동물보호소,충청남도 당진시 고대면 연동로 30-6 (고대면) ,충청남도 당진시 고대면 연동로 30-6 (고대면) ,0.0,0.0
685,당진시동물보호소,충청남도 당진시 고대면 연동로 30-6 (고대면) ,충청남도 당진시 고대면 연동로 30-6 (고대면) ,0.0,0.0
686,당진시동물보호소,충청남도 당진시 고대면 연동로 30-6 (고대면) ,충청남도 당진시 고대면 연동로 30-6 (고대면) ,0.0,0.0
687,최동물병원,충청남도 태안군 태안읍 남문리 504-6,충청남도 태안군 태안읍 남문리 504-6,36.752995,126.30594302785889
688,서천군유기동물보호소,충청남도 서천군 마산면 한마로 1189-19 ,충청남도 서천군 마산면 한마로 1189-19 ,36.163702,126.7762767
689,남부여동물보호소,충청남도 부여군 임천면 위덕로47번길 36-12  (점리),충청남도 부여군 임천면 위덕로47번길 36-12  (점리),0.0,0.0
690,남부여동물보호소,충청남도 부여군 임천면 위덕로47번길 36-12  (점리),충청남도 부여군 임천면 위덕로47번길 36-12  (점리),0.0,0.0
691,남부여동물보호소,충청남도 부여군 임천면 위덕로47번길 36-12  (점리),충청남도 부여군 임천면 위덕로47번길 36-12  (점리),0.0,0.0
692,서산시 동물보호센터,충청남도 서산시 인지면 무학재1길 99  ,충청남도 서산시 인지면 무학재1길 99  ,0.0,0.0
693,서산시 동물보호센터,충청남도 서산시 인지면 무학재1길 99  ,충청남도 서산시 인지면 무학재1길 99  ,0.0,0.0
694,서산시 동물보호센터,충청남도 서산시 인지면 무학재1길 99  ,충청남도 서산시 인지면 무학재1길 99  ,0.0,0.0
695,천안시 동물보호센터,"충청남도 천안시 동남구 목천읍 충절로 577  문의전화 : 입양(010-5913-5119), 구조(010-4999-6119)","충청남도 천안시 동남구 목천읍 충절로 577  문의전화 : 입양(010-5913-5119), 구조(010-4999-6119)",0.0,0.0
696,천안시 동물보호센터,"충청남도 천안시 동남구 목천읍 충절로 577  문의전화 : 입양(010-5913-5119), 구조(010-4999-6119)","충청남도 천안시 동남구 목천읍 충절로 577  문의전화 : 입양(010-5913-5119), 구조(010-4999-6119)",0.0,0.0
697,천안시 동물보호센터,"충청남도 천안시 동남구 목천읍 충절로 577  문의전화 : 입양(010-5913-5119), 구조(010-4999-6119)","충청남도 천안시 동남구 목천읍 충절로 577  문의전화 : 입양(010-5913-5119), 구조(010-4999-6119)",0.0,0.0
698,천안시 동물보호센터,"충청남도 천안시 동남구 목천읍 충절로 577  문의전화 : 입양(010-5913-5119), 구조(010-4999-6119)","충청남도 천안시 동남구 목천읍 충절로 577  문의전화 : 입양(010-5913-5119), 구조(010-4999-6119)",0.0,0.0
699,천안시 동물보호센터,"충청남도 천안시 동남구 목천읍 충절로 577  문의전화 : 입양(010-5913-5119), 구조(010-4999-6119)","충청남도 천안시 동남구 목천읍 충절로 577  문의전화 : 입양(010-5913-5119), 구조(010-4999-6119)",0.0,0.0
700,천안시 동물보호센터,"충청남도 천안시 동남구 목천읍 충절로 577  문의전화 : 입양(010-5913-5119), 구조(010-4999-6119)","충청남도 천안시 동남구 목천읍 충절로 577  문의전화 : 입양(010-5913-5119), 구조(010-4999-6119)",0.0,0.0
701,천안시 동물보호센터,"충청남도 천안시 동남구 목천읍 충절로 577  문의전화 : 입양(010-5913-5119), 구조(010-4999-6119)","충청남도 천안시 동남구 목천읍 충절로 577  문의전화 : 입양(010-5913-5119), 구조(010-4999-6119)",0.0,0.0
702,천안시 동물보호센터,"충청남도 천안시 동남구 목천읍 충절로 577  문의전화 : 입양(010-5913-5119), 구조(010-4999-6119)","충청남도 천안시 동남구 목천읍 충절로 577  문의전화 : 입양(010-5913-5119), 구조(010-4999-6119)",0.0,0.0
703,천안시 동물보호센터,"충청남도 천안시 동남구 목천읍 충절로 577  문의전화 : 입양(010-5913-5119), 구조(010-4999-6119)","충청남도 천안시 동남구 목천읍 충절로 577  문의전화 : 입양(010-5913-5119), 구조(010-4999-6119)",0.0,0.0
704,천안시 동물보호센터,"충청남도 천안시 동남구 목천읍 충절로 577  문의전화 : 입양(010-5913-5119), 구조(010-4999-6119)","충청남도 천안시 동남구 목천읍 충절로 577  문의전화 : 입양(010-5913-5119), 구조(010-4999-6119)",0.0,0.0
705,천안시 동물보호센터,"충청남도 천안시 동남구 목천읍 충절로 577  문의전화 : 입양(010-5913-5119), 구조(010-4999-6119)","충청남도 천안시 동남구 목천읍 충절로 577  문의전화 : 입양(010-5913-5119), 구조(010-4999-6119)",0.0,0.0
706,천안시 동물보호센터,"충청남도 천안시 동남구 목천읍 충절로 577  문의전화 : 입양(010-5913-5119), 구조(010-4999-6119)","충청남도 천안시 동남구 목천읍 충절로 577  문의전화 : 입양(010-5913-5119), 구조(010-4999-6119)",0.0,0.0
707,천안시 동물보호센터,"충청남도 천안시 동남구 목천읍 충절로 577  문의전화 : 입양(010-5913-5119), 구조(010-4999-6119)","충청남도 천안시 동남구 목천읍 충절로 577  문의전화 : 입양(010-5913-5119), 구조(010-4999-6119)",0.0,0.0
708,천안시 동물보호센터,"충청남도 천안시 동남구 목천읍 충절로 577  문의전화 : 입양(010-5913-5119), 구조(010-4999-6119)","충청남도 천안시 동남구 목천읍 충절로 577  문의전화 : 입양(010-5913-5119), 구조(010-4999-6119)",0.0,0.0
709,천안시 동물보호센터,"충청남도 천안시 동남구 목천읍 충절로 577  문의전화 : 입양(010-5913-5119), 구조(010-4999-6119)","충청남도 천안시 동남구 목천읍 충절로 577  문의전화 : 입양(010-5913-5119), 구조(010-4999-6119)",0.0,0.0
710,천안시 동물보호센터,"충청남도 천안시 동남구 목천읍 충절로 577  문의전화 : 입양(010-5913-5119), 구조(010-4999-6119)","충청남도 천안시 동남구 목천읍 충절로 577  문의전화 : 입양(010-5913-5119), 구조(010-4999-6119)",0.0,0.0
711,천안시 동물보호센터,"충청남도 천안시 동남구 목천읍 충절로 577  문의전화 : 입양(010-5913-5119), 구조(010-4999-6119)","충청남도 천안시 동남구 목천읍 충절로 577  문의전화 : 입양(010-5913-5119), 구조(010-4999-6119)",0.0,0.0
712,천안시 동물보호센터,"충청남도 천안시 동남구 목천읍 충절로 577  문의전화 : 입양(010-5913-5119), 구조(010-4999-6119)","충청남도 천안시 동남구 목천읍 충절로 577  문의전화 : 입양(010-5913-5119), 구조(010-4999-6119)",0.0,0.0
713,천안시 동물보호센터,"충청남도 천안시 동남구 목천읍 충절로 577  문의전화 : 입양(010-5913-5119), 구조(010-4999-6119)","충청남도 천안시 동남구 목천읍 충절로 577  문의전화 : 입양(010-5913-5119), 구조(010-4999-6119)",0.0,0.0
714,반려동물보호센터,충청북도 청주시 흥덕구 강내면 서부로 411-55 (강내면) ,충청북도 청주시 흥덕구 강내면 서부로 411-55 (강내면) ,0.0,0.0
715,더가까운동물병원,충청북도 보은군 보은읍 뱃들로 47  ,충청북도 보은군 보은읍 뱃들로 47  ,36.4859233,127.7251614
716,더가까운동물병원,충청북도 보은군 보은읍 뱃들로 47  ,충청북도 보은군 보은읍 뱃들로 47  ,36.4859233,127.7251614
717,충주시동물보호센터,충청북도 충주시 중앙탑면 일곱실길 70 (중앙탑면) ,충청북도 충주시 중앙탑면 일곱실길 70 (중앙탑면) ,0.0,0.0
718,충주시동물보호센터,충청북도 충주시 중앙탑면 일곱실길 70 (중앙탑면) ,충청북도 충주시 중앙탑면 일곱실길 70 (중앙탑면) ,0.0,0.0
719,강릉시 동물사랑센터,강원도 강릉시 성산면 내맬길 172  ,강원도 강릉시 성산면 내맬길 172  ,37.706784,128.8234942
720,강릉시 동물사랑센터,강원도 강릉시 성산면 내맬길 172  ,강원도 강릉시 성산면 내맬길 172  ,37.706784,128.8234942
721,강릉시 동물사랑센터,강원도 강릉시 성산면 내맬길 172  ,강원도 강릉시 성산면 내맬길 172  ,37.706784,128.8234942
722,강릉시 동물사랑센터,강원도 강릉시 성산면 내맬길 172  ,강원도 강릉시 성산면 내맬길 172  ,37.706784,128.8234942
723,원주유기동물보호센터,강원도 원주시 호저면 칠봉로 110-6 ,강원도 원주시 호저면 칠봉로 110-6 ,37.4133886,127.9193008
724,춘천시 동물보호센터,강원도 춘천시 신북읍 영서로 3282 (신북읍) (전)102보충대 주차장,강원도 춘천시 신북읍 영서로 3282 (신북읍) (전)102보충대 주차장,0.0,0.0
725,춘천시 동물보호센터,강원도 춘천시 신북읍 영서로 3282 (신북읍) (전)102보충대 주차장,강원도 춘천시 신북읍 영서로 3282 (신북읍) (전)102보충대 주차장,0.0,0.0
726,춘천시 동물보호센터,강원도 춘천시 신북읍 영서로 3282 (신북읍) (전)102보충대 주차장,강원도 춘천시 신북읍 영서로 3282 (신북읍) (전)102보충대 주차장,0.0,0.0
727,춘천시 동물보호센터,강원도 춘천시 신북읍 영서로 3282 (신북읍) (전)102보충대 주차장,강원도 춘천시 신북읍 영서로 3282 (신북읍) (전)102보충대 주차장,0.0,0.0
728,춘천시 동물보호센터,강원도 춘천시 신북읍 영서로 3282 (신북읍) (전)102보충대 주차장,강원도 춘천시 신북읍 영서로 3282 (신북읍) (전)102보충대 주차장,0.0,0.0
729,춘천시 동물보호센터,강원도 춘천시 신북읍 영서로 3282 (신북읍) (전)102보충대 주차장,강원도 춘천시 신북읍 영서로 3282 (신북읍) (전)102보충대 주차장,0.0,0.0
730,광주TNR동물병원초월,경기도 광주시 초월읍 현산로385번길 74-12 (초월읍) ,경기도 광주시 초월읍 현산로385번길 74-12 (초월읍) ,0.0,0.0
731,광주TNR동물병원초월,경기도 광주시 초월읍 현산로385번길 74-12 (초월읍) ,경기도 광주시 초월읍 현산로385번길 74-12 (초월읍) ,0.0,0.0
732,광주TNR동물병원초월,경기도 광주시 초월읍 현산로385번길 74-12 (초월읍) ,경기도 광주시 초월읍 현산로385번길 74-12 (초월읍) ,0.0,0.0
733,광주TNR동물병원초월,경기도 광주시 초월읍 현산로385번길 74-12 (초월읍) ,경기도 광주시 초월읍 현산로385번길 74-12 (초월읍) ,0.0,0.0
734,양평군유기동물보호소,경기도 양평군 양평읍 농업기술센터길 59-1  ,경기도 양평군 양평읍 농업기술센터길 59-1  ,0.0,0.0
735,용인시 동물보호센터,경기도 용인시 처인구 중부대로 1074-1 (삼가동) 용인시 동물보호센터,경기도 용인시 처인구 중부대로 1074-1 (삼가동) 용인시 동물보호센터,0.0,0.0
736,시흥동물누리보호센터,경기도 시흥시 뒷방울길 218 (정왕동) ,경기도 시흥시 뒷방울길 218 (정왕동) ,0.0,0.0
737,한국야생동물보호협회,경기도 안산시 상록구 청곡길 50 (부곡동) 안산시 상록구 부곡동 231-5,경기도 안산시 상록구 청곡길 50 (부곡동) 안산시 상록구 부곡동 231-5,0.0,0.0
738,평택시유기동물보호소,경기도 평택시 진위면 야막길 108-86 (진위면) ,경기도 평택시 진위면 야막길 108-86 (진위면) ,0.0,0.0
739,24시아이동물메디컬,경기도 부천시 오정구 소사로 779 (원종동) 201호,경기도 부천시 오정구 소사로 779 (원종동) 201호,0.0,0.0
740,펫앤쉘터동물병원,"경기도 성남시 분당구 불정로 266 (수내동, 유신제일조합) ","경기도 성남시 분당구 불정로 266 (수내동, 유신제일조합) ",0.0,0.0
741,펫앤쉘터동물병원,"경기도 성남시 분당구 불정로 266 (수내동, 유신제일조합) ","경기도 성남시 분당구 불정로 266 (수내동, 유신제일조합) ",0.0,0.0
742,광주 동물보호소,광주광역시 북구 본촌마을길 27 (본촌동) 광주광역시 동물보호소,광주광역시 북구 본촌마을길 27 (본촌동) 광주광역시 동물보호소,0.0,0.0
743,광주 동물보호소,광주광역시 북구 본촌마을길 27 (본촌동) 광주광역시 동물보호소,광주광역시 북구 본촌마을길 27 (본촌동) 광주광역시 동물보호소,0.0,0.0
744,광주 동물보호소,광주광역시 북구 본촌마을길 27 (본촌동) 광주광역시 동물보호소,광주광역시 북구 본촌마을길 27 (본촌동) 광주광역시 동물보호소,0.0,0.0
745,광주 동물보호소,광주광역시 북구 본촌마을길 27 (본촌동) 광주광역시 동물보호소,광주광역시 북구 본촌마을길 27 (본촌동) 광주광역시 동물보호소,0.0,0.0
746,우리동물병원,인천광역시 서구 서곶로 349 (연희동) 우리동물병원,인천광역시 서구 서곶로 349 (연희동) 우리동물병원,0.0,0.0
747,신공항동물병원,인천광역시 중구 운남동로3번길 9 (운남동) ,인천광역시 중구 운남동로3번길 9 (운남동) ,0.0,0.0
748,신공항동물병원,인천광역시 중구 운남동로3번길 9 (운남동) ,인천광역시 중구 운남동로3번길 9 (운남동) ,0.0,0.0
749,군위종합동물병원,대구광역시 군위군 군위읍 중앙1길 15  1층,대구광역시 군위군 군위읍 중앙1길 15  1층,0.0,0.0
750,군위종합동물병원,대구광역시 군위군 군위읍 중앙1길 15  1층,대구광역시 군위군 군위읍 중앙1길 15  1층,0.0,0.0
751,허동물병원,대구광역시 수성구 수성동2가 명덕로 421 (수성동2가) 허동물병원,대구광역시 수성구 수성동2가 명덕로 421 (수성동2가) 허동물병원,0.0,0.0
752,신세계동물병원,대구광역시 수성구 수성동1가 명덕로 393 (수성동1가) ,대구광역시 수성구 수성동1가 명덕로 393 (수성동1가) ,0.0,0.0
753,디아크동물종합병원,서울특별시 동작구 장승배기로27길 18 (노량진동) ,서울특별시 동작구 장승배기로27길 18 (노량진동) ,0.0,0.0
754,노원반려동물문화센터,"서울특별시 노원구 수락산로 258 (상계동, 호성빌딩) 1층","서울특별시 노원구 수락산로 258 (상계동, 호성빌딩) 1층",0.0,0.0
755,남양동물보호센터,경기도 화성시 남양읍 화성로 1483-27 (남양읍) ,경기도 화성시 남양읍 화성로 1483-27 (남양읍) ,0.0,0.0
756,남양동물보호센터,경기도 화성시 남양읍 화성로 1483-27 (남양읍) ,경기도 화성시 남양읍 화성로 1483-27 (남양읍) ,0.0,0.0
757,임실유기동물보호센터,"전라북도 임실군 오수면 춘향로 1554-95  펫추모공원 입구, 유기동물보호센터","전라북도 임실군 오수면 춘향로 1554-95  펫추모공원 입구, 유기동물보호센터",0.0,0.0
758,임실유기동물보호센터,"전라북도 임실군 오수면 춘향로 1554-95  펫추모공원 입구, 유기동물보호센터","전라북도 임실군 오수면 춘향로 1554-95  펫추모공원 입구, 유기동물보호센터",0.0,0.0
759,임실유기동물보호센터,"전라북도 임실군 오수면 춘향로 1554-95  펫추모공원 입구, 유기동물보호센터","전라북도 임실군 오수면 춘향로 1554-95  펫추모공원 입구, 유기동물보호센터",0.0,0.0
760,임실유기동물보호센터,"전라북도 임실군 오수면 춘향로 1554-95  펫추모공원 입구, 유기동물보호센터","전라북도 임실군 오수면 춘향로 1554-95  펫추모공원 입구, 유기동물보호센터",0.0,0.0
761,베스트동물병원,"인천광역시 강화군 강화읍 강화대로 217 (강화읍, 린나이보일러) ","인천광역시 강화군 강화읍 강화대로 217 (강화읍, 린나이보일러) ",0.0,0.0
762,진도군임시보호소,전라남도 진도군 진도읍 성죽골길 30 (진도읍) 진도개축산과,전라남도 진도군 진도읍 성죽골길 30 (진도읍) 진도개축산과,0.0,0.0
763,진도군임시보호소,전라남도 진도군 진도읍 성죽골길 30 (진도읍) 진도개축산과,전라남도 진도군 진도읍 성죽골길 30 (진도읍) 진도개축산과,0.0,0.0
764,베스트동물병원,"인천광역시 강화군 강화읍 강화대로 217 (강화읍, 린나이보일러) ","인천광역시 강화군 강화읍 강화대로 217 (강화읍, 린나이보일러) ",0.0,0.0
765,최종주동물병원,"충청북도 영동군 영동읍 계산로 54 (영동읍, 최종주동물병원) ","충청북도 영동군 영동읍 계산로 54 (영동읍, 최종주동물병원) ",0.0,0.0
766,최종주동물병원,"충청북도 영동군 영동읍 계산로 54 (영동읍, 최종주동물병원) ","충청북도 영동군 영동읍 계산로 54 (영동읍, 최종주동물병원) ",0.0,0.0
767,(사)하얀비둘기,부산광역시 강서구 제도로 726 (강동동) ,부산광역시 강서구 제도로 726 (강동동) ,35.2145482,128.9352717
768,(사)하얀비둘기,부산광역시 강서구 제도로 726 (강동동) ,부산광역시 강서구 제도로 726 (강동동) ,35.2145482,128.9352717
769,(사)하얀비둘기,부산광역시 강서구 제도로 726 (강동동) ,부산광역시 강서구 제도로 726 (강동동) ,35.2145482,128.9352717
770,(사)하얀비둘기,부산광역시 강서구 제도로 726 (강동동) ,부산광역시 강서구 제도로 726 (강동동) ,35.2145482,128.9352717
771,(사)하얀비둘기,부산광역시 강서구 제도로 726 (강동동) ,부산광역시 강서구 제도로 726 (강동동) ,35.2145482,128.9352717
772,(사)하얀비둘기,부산광역시 강서구 제도로 726 (강동동) ,부산광역시 강서구 제도로 726 (강동동) ,35.2145482,128.9352717
773,(사)하얀비둘기,부산광역시 강서구 제도로 726 (강동동) ,부산광역시 강서구 제도로 726 (강동동) ,35.2145482,128.9352717
774,하동군유기동물보호소,경상남도 하동군 적량면 한옥정길 90 (적량면) 유기동물보호소,경상남도 하동군 적량면 한옥정길 90 (적량면) 유기동물보호소,0.0,0.0
775,하동군유기동물보호소,경상남도 하동군 적량면 한옥정길 90 (적량면) 유기동물보호소,경상남도 하동군 적량면 한옥정길 90 (적량면) 유기동물보호소,0.0,0.0
776,영천유기동물보호센터,"경상북도 영천시 천문로 622-13 (오미동, 영천시농업기술센터) ","경상북도 영천시 천문로 622-13 (오미동, 영천시농업기술센터) ",0.0,0.0
777,영천유기동물보호센터,"경상북도 영천시 천문로 622-13 (오미동, 영천시농업기술센터) ","경상북도 영천시 천문로 622-13 (오미동, 영천시농업기술센터) ",0.0,0.0
778,영천유기동물보호센터,"경상북도 영천시 천문로 622-13 (오미동, 영천시농업기술센터) ","경상북도 영천시 천문로 622-13 (오미동, 영천시농업기술센터) ",0.0,0.0
779,영천유기동물보호센터,"경상북도 영천시 천문로 622-13 (오미동, 영천시농업기술센터) ","경상북도 영천시 천문로 622-13 (오미동, 영천시농업기술센터) ",0.0,0.0
780,영주시 동물보호센터,경상북도 영주시 장수면 반구로 143 [*미고시] 영주시동물보호센터,경상북도 영주시 장수면 반구로 143 [*미고시] 영주시동물보호센터,0.0,0.0
781,영주시 동물보호센터,경상북도 영주시 장수면 반구로 143 [*미고시] 영주시동물보호센터,경상북도 영주시 장수면 반구로 143 [*미고시] 영주시동물보호센터,0.0,0.0
782,유기동물임시보호센터,전라남도 완도군 신지면 신지로6번길 23-89 (신지면) ,전라남도 완도군 신지면 신지로6번길 23-89 (신지면) ,0.0,0.0
783,유기동물임시보호센터,전라남도 완도군 신지면 신지로6번길 23-89 (신지면) ,전라남도 완도군 신지면 신지로6번길 23-89 (신지면) ,0.0,0.0
784,유기동물임시보호센터,전라남도 완도군 신지면 신지로6번길 23-89 (신지면) ,전라남도 완도군 신지면 신지로6번길 23-89 (신지면) ,0.0,0.0
785,익산유기동물보호소,전북특별자치도 익산시 서동로42길 77 (용제동) 16통 1반,전북특별자치도 익산시 서동로42길 77 (용제동) 16통 1반,0.0,0.0
786,아산동물복지지원센터,충청남도 아산시 환경공원로 158 (배미동) ,충청남도 아산시 환경공원로 158 (배미동) ,0.0,0.0
787,아산동물복지지원센터,충청남도 아산시 환경공원로 158 (배미동) ,충청남도 아산시 환경공원로 158 (배미동) ,0.0,0.0
788,아산동물복지지원센터,충청남도 아산시 환경공원로 158 (배미동) ,충청남도 아산시 환경공원로 158 (배미동) ,0.0,0.0
789,아산동물복지지원센터,충청남도 아산시 환경공원로 158 (배미동) ,충청남도 아산시 환경공원로 158 (배미동) ,0.0,0.0
790,아산동물복지지원센터,충청남도 아산시 환경공원로 158 (배미동) ,충청남도 아산시 환경공원로 158 (배미동) ,0.0,0.0
791,아산동물복지지원센터,충청남도 아산시 환경공원로 158 (배미동) ,충청남도 아산시 환경공원로 158 (배미동) ,0.0,0.0
792,아산동물복지지원센터,충청남도 아산시 환경공원로 158 (배미동) ,충청남도 아산시 환경공원로 158 (배미동) ,0.0,0.0
793,한국동물구조관리협회,경기도 양주시 남면 감악산로 63-37 (남면) ,경기도 양주시 남면 감악산로 63-37 (남면) ,0.0,0.0
794,(사)하얀비둘기,부산광역시 강서구 제도로 726 (강동동) ,부산광역시 강서구 제도로 726 (강동동) ,35.2145482,128.9352717
795,(사)하얀비둘기,부산광역시 강서구 제도로 726 (강동동) ,부산광역시 강서구 제도로 726 (강동동) ,35.2145482,128.9352717
796,제주 동물보호센터,제주특별자치도 제주시 첨단동길 184-14 (용강동) ,제주특별자치도 제주시 첨단동길 184-14 (용강동) ,0.0,0.0
797,제주 동물보호센터,제주특별자치도 제주시 첨단동길 184-14 (용강동) ,제주특별자치도 제주시 첨단동길 184-14 (용강동) ,0.0,0.0
798,제주 동물보호센터,제주특별자치도 제주시 첨단동길 184-14 (용강동) ,제주특별자치도 제주시 첨단동길 184-14 (용강동) ,0.0,0.0
799,제주 동물보호센터,제주특별자치도 제주시 첨단동길 184-14 (용강동) ,제주특별자치도 제주시 첨단동길 184-14 (용강동) ,0.0,0.0
800,제주 동물보호센터,제주특별자치도 제주시 첨단동길 184-14 (용강동) ,제주특별자치도 제주시 첨단동길 184-14 (용강동) ,0.0,0.0
801,제주 동물보호센터,제주특별자치도 제주시 첨단동길 184-14 (용강동) ,제주특별자치도 제주시 첨단동길 184-14 (용강동) ,0.0,0.0
802,제주 동물보호센터,제주특별자치도 제주시 첨단동길 184-14 (용강동) ,제주특별자치도 제주시 첨단동길 184-14 (용강동) ,0.0,0.0
803,제주 동물보호센터,제주특별자치도 제주시 첨단동길 184-14 (용강동) ,제주특별자치도 제주시 첨단동길 184-14 (용강동) ,0.0,0.0
804,제주 동물보호센터,제주특별자치도 제주시 첨단동길 184-14 (용강동) ,제주특별자치도 제주시 첨단동길 184-14 (용강동) ,0.0,0.0
805,산청동물보호센터,경상남도 산청군 산청읍 친환경로 2783-25 (산청읍) ,경상남도 산청군 산청읍 친환경로 2783-25 (산청읍) ,0.0,0.0
806,유기동물및관리협회,부산광역시 강서구 가락대로1283번길 25-2 (봉림동) (사)유기동물및보호관리협회,부산광역시 강서구 가락대로1283번길 25-2 (봉림동) (사)유기동물및보호관리협회,0.0,0.0
807,진해유기동물보호소,경상남도 창원시 진해구 웅천로 218 (성내동) 도시농업과 부지 내,경상남도 창원시 진해구 웅천로 218 (성내동) 도시농업과 부지 내,0.0,0.0
808,진해유기동물보호소,경상남도 창원시 진해구 웅천로 218 (성내동) 도시농업과 부지 내,경상남도 창원시 진해구 웅천로 218 (성내동) 도시농업과 부지 내,0.0,0.0
809,진해유기동물보호소,경상남도 창원시 진해구 웅천로 218 (성내동) 도시농업과 부지 내,경상남도 창원시 진해구 웅천로 218 (성내동) 도시농업과 부지 내,0.0,0.0
810,진해유기동물보호소,경상남도 창원시 진해구 웅천로 218 (성내동) 도시농업과 부지 내,경상남도 창원시 진해구 웅천로 218 (성내동) 도시농업과 부지 내,0.0,0.0
811,상주시 동물보호센터,경상북도 상주시 청리면 남상주로 1205-59  ,경상북도 상주시 청리면 남상주로 1205-59  ,36.3305601,128.1237081
812,상주시 동물보호센터,경상북도 상주시 청리면 남상주로 1205-59  ,경상북도 상주시 청리면 남상주로 1205-59  ,36.3305601,128.1237081
813,영주시 동물보호센터,경상북도 영주시 장수면 반구로 143 [*미고시] 영주시동물보호센터,경상북도 영주시 장수면 반구로 143 [*미고시] 영주시동물보호센터,0.0,0.0
814,영주시 동물보호센터,경상북도 영주시 장수면 반구로 143 [*미고시] 영주시동물보호센터,경상북도 영주시 장수면 반구로 143 [*미고시] 영주시동물보호센터,0.0,0.0
815,영주시 동물보호센터,경상북도 영주시 장수면 반구로 143 [*미고시] 영주시동물보호센터,경상북도 영주시 장수면 반구로 143 [*미고시] 영주시동물보호센터,0.0,0.0
816,영주시 동물보호센터,경상북도 영주시 장수면 반구로 143 [*미고시] 영주시동물보호센터,경상북도 영주시 장수면 반구로 143 [*미고시] 영주시동물보호센터,0.0,0.0
817,영주시 동물보호센터,경상북도 영주시 장수면 반구로 143 [*미고시] 영주시동물보호센터,경상북도 영주시 장수면 반구로 143 [*미고시] 영주시동물보호센터,0.0,0.0
818,영주시 동물보호센터,경상북도 영주시 장수면 반구로 143 [*미고시] 영주시동물보호센터,경상북도 영주시 장수면 반구로 143 [*미고시] 영주시동물보호센터,0.0,0.0
819,영주시 동물보호센터,경상북도 영주시 장수면 반구로 143 [*미고시] 영주시동물보호센터,경상북도 영주시 장수면 반구로 143 [*미고시] 영주시동물보호센터,0.0,0.0
820,영주시 동물보호센터,경상북도 영주시 장수면 반구로 143 [*미고시] 영주시동물보호센터,경상북도 영주시 장수면 반구로 143 [*미고시] 영주시동물보호센터,0.0,0.0
821,영주시 동물보호센터,경상북도 영주시 장수면 반구로 143 [*미고시] 영주시동물보호센터,경상북도 영주시 장수면 반구로 143 [*미고시] 영주시동물보호센터,0.0,0.0
822,영주시 동물보호센터,경상북도 영주시 장수면 반구로 143 [*미고시] 영주시동물보호센터,경상북도 영주시 장수면 반구로 143 [*미고시] 영주시동물보호센터,0.0,0.0
823,영주시 동물보호센터,경상북도 영주시 장수면 반구로 143 [*미고시] 영주시동물보호센터,경상북도 영주시 장수면 반구로 143 [*미고시] 영주시동물보호센터,0.0,0.0
824,해남유기동물보호센터,전라남도 해남군 해남읍 용머리길 14-37  ,전라남도 해남군 해남읍 용머리길 14-37  ,34.563169,126.5846114
825,담양군 동물보호센터,전라남도 담양군 용면 시암골로 280-57 (용면) :용면 두장리 21번지,전라남도 담양군 용면 시암골로 280-57 (용면) :용면 두장리 21번지,0.0,0.0
826,담양군 동물보호센터,전라남도 담양군 용면 시암골로 280-57 (용면) :용면 두장리 21번지,전라남도 담양군 용면 시암골로 280-57 (용면) :용면 두장리 21번지,0.0,0.0
827,담양군 동물보호센터,전라남도 담양군 용면 시암골로 280-57 (용면) :용면 두장리 21번지,전라남도 담양군 용면 시암골로 280-57 (용면) :용면 두장리 21번지,0.0,0.0
828,담양군 동물보호센터,전라남도 담양군 용면 시암골로 280-57 (용면) :용면 두장리 21번지,전라남도 담양군 용면 시암골로 280-57 (용면) :용면 두장리 21번지,0.0,0.0
829,군산유기동물보호센터,전라북도 군산시 대야면 보덕안정길 108-20  ,전라북도 군산시 대야면 보덕안정길 108-20  ,0.0,0.0
830,군산유기동물보호센터,전라북도 군산시 대야면 보덕안정길 108-20  ,전라북도 군산시 대야면 보덕안정길 108-20  ,0.0,0.0
831,군산유기동물보호센터,전라북도 군산시 대야면 보덕안정길 108-20  ,전라북도 군산시 대야면 보덕안정길 108-20  ,0.0,0.0
832,군산유기동물보호센터,전라북도 군산시 대야면 보덕안정길 108-20  ,전라북도 군산시 대야면 보덕안정길 108-20  ,0.0,0.0
833,군산유기동물보호센터,전라북도 군산시 대야면 보덕안정길 108-20  ,전라북도 군산시 대야면 보덕안정길 108-20  ,0.0,0.0
834,군산유기동물보호센터,전라북도 군산시 대야면 보덕안정길 108-20  ,전라북도 군산시 대야면 보덕안정길 108-20  ,0.0,0.0
835,군산유기동물보호센터,전라북도 군산시 대야면 보덕안정길 108-20  ,전라북도 군산시 대야면 보덕안정길 108-20  ,0.0,0.0
836,군산유기동물보호센터,전라북도 군산시 대야면 보덕안정길 108-20  ,전라북도 군산시 대야면 보덕안정길 108-20  ,0.0,0.0
837,금일동물보호센터,충청남도 홍성군 홍동면 충절로 625 (홍동면) ,충청남도 홍성군 홍동면 충절로 625 (홍동면) ,0.0,0.0
838,금일동물보호센터,충청남도 홍성군 홍동면 충절로 625 (홍동면) ,충청남도 홍성군 홍동면 충절로 625 (홍동면) ,0.0,0.0
839,아산동물복지지원센터,충청남도 아산시 환경공원로 158 (배미동) ,충청남도 아산시 환경공원로 158 (배미동) ,0.0,0.0
840,아산동물복지지원센터,충청남도 아산시 환경공원로 158 (배미동) ,충청남도 아산시 환경공원로 158 (배미동) ,0.0,0.0
841,아산동물복지지원센터,충청남도 아산시 환경공원로 158 (배미동) ,충청남도 아산시 환경공원로 158 (배미동) ,0.0,0.0
842,보령시유기동물보호소,충청남도 보령시 녹문3길 7 (내항동) ,충청남도 보령시 녹문3길 7 (내항동) ,0.0,0.0
843,공주시 동물보호소,충청남도 공주시 우성면 내산목천길 52-15  ,충청남도 공주시 우성면 내산목천길 52-15  ,0.0,0.0
844,한국동물구조관리협회,경기도 양주시 남면 감악산로 63-37  ,경기도 양주시 남면 감악산로 63-37  ,0.0,0.0
845,광주TNR동물병원초월,경기도 광주시 초월읍 현산로385번길 74-12 (초월읍) ,경기도 광주시 초월읍 현산로385번길 74-12 (초월읍) ,0.0,0.0
846,광주TNR동물병원초월,경기도 광주시 초월읍 현산로385번길 74-12 (초월읍) ,경기도 광주시 초월읍 현산로385번길 74-12 (초월읍) ,0.0,0.0
847,고양시동물보호센터,"경기도 고양시 덕양구 고양대로 1695 (원흥동, 고양시 농업기술센터) 고양시동물보호센터","경기도 고양시 덕양구 고양대로 1695 (원흥동, 고양시 농업기술센터) 고양시동물보호센터",0.0,0.0
848,고양시동물보호센터,"경기도 고양시 덕양구 고양대로 1695 (원흥동, 고양시 농업기술센터) 고양시동물보호센터","경기도 고양시 덕양구 고양대로 1695 (원흥동, 고양시 농업기술센터) 고양시동물보호센터",0.0,0.0
849,24시아이동물메디컬,경기도 부천시 오정구 소사로 779 (원종동) 201호,경기도 부천시 오정구 소사로 779 (원종동) 201호,0.0,0.0
850,한국야생동물보호협회,경기도 안산시 상록구 청곡길 50 (부곡동) ,경기도 안산시 상록구 청곡길 50 (부곡동) ,0.0,0.0
851,한국야생동물보호협회,경기도 안산시 상록구 청곡길 50 (부곡동) ,경기도 안산시 상록구 청곡길 50 (부곡동) ,0.0,0.0
852,울산유기동물보호센터,울산광역시 울주군 온양읍 화산발리로 543 (온양읍) ,울산광역시 울주군 온양읍 화산발리로 543 (온양읍) ,0.0,0.0
853,대전동물보호센터,대전광역시 유성구 금남구즉로 1234 (금고동) 대전광역시 동물보호센터,대전광역시 유성구 금남구즉로 1234 (금고동) 대전광역시 동물보호센터,0.0,0.0
854,대전동물보호센터,대전광역시 유성구 금남구즉로 1234 (금고동) 대전광역시 동물보호센터,대전광역시 유성구 금남구즉로 1234 (금고동) 대전광역시 동물보호센터,0.0,0.0
855,신영재동물병원,인천광역시 계양구 장제로 923 (병방동) ,인천광역시 계양구 장제로 923 (병방동) ,0.0,0.0
856,인천광역시수의사회,"인천광역시 계양구 다남로165번길 56 (다남동, 유기동물보호소) ","인천광역시 계양구 다남로165번길 56 (다남동, 유기동물보호소) ",0.0,0.0
857,대구유기동물보호협회,대구광역시 동구 금강로 151-13 (금강동) ,대구광역시 동구 금강로 151-13 (금강동) ,0.0,0.0
858,동물보호관리협회,부산광역시 강서구 가락대로1283번길 25-2 (봉림동) ,부산광역시 강서구 가락대로1283번길 25-2 (봉림동) ,0.0,0.0
859,동물보호관리협회,부산광역시 강서구 가락대로1283번길 25-2 (봉림동) ,부산광역시 강서구 가락대로1283번길 25-2 (봉림동) ,0.0,0.0
860,동물보호관리협회,부산광역시 강서구 가락대로1283번길 25-2 (봉림동) ,부산광역시 강서구 가락대로1283번길 25-2 (봉림동) ,0.0,0.0
861,동물보호관리협회,부산광역시 강서구 가락대로1283번길 25-2 (봉림동) ,부산광역시 강서구 가락대로1283번길 25-2 (봉림동) ,0.0,0.0
862,부산동물보호센터,부산광역시 강서구 맥도강변길 752-15 (대저2동) ,부산광역시 강서구 맥도강변길 752-15 (대저2동) ,0.0,0.0
863,한국동물구조관리협회,경기도 양주시 남면 감악산로 63-37 (남면) ,경기도 양주시 남면 감악산로 63-37 (남면) ,0.0,0.0
864,한국동물구조관리협회,경기도 양주시 남면 감악산로 63-37  ,경기도 양주시 남면 감악산로 63-37  ,0.0,0.0
865,한국동물구조관리협회,경기도 양주시 남면 감악산로 63-37 (남면) ,경기도 양주시 남면 감악산로 63-37 (남면) ,0.0,0.0
866,무안군유기동물보호소,전라남도 무안군 무안읍 면주길 99  ,전라남도 무안군 무안읍 면주길 99  ,0.0,0.0
867,세종유기동물보호센터,세종특별자치시  전동면 미륵당1길 188 (전동면) ,세종특별자치시  전동면 미륵당1길 188 (전동면) ,0.0,0.0
868,세종유기동물보호센터,세종특별자치시  전동면 미륵당1길 188 (전동면) ,세종특별자치시  전동면 미륵당1길 188 (전동면) ,0.0,0.0
869,거창유기동물보호센터,경상남도 거창군 남상면 수남로 1934-12  ,경상남도 거창군 남상면 수남로 1934-12  ,35.62066,127.88759
870,거창유기동물보호센터,경상남도 거창군 남상면 수남로 1934-12  ,경상남도 거창군 남상면 수남로 1934-12  ,35.62066,127.88759
871,의령군 동물보호센터,경상남도 의령군 의령읍 남강로 485-75  ,경상남도 의령군 의령읍 남강로 485-75  ,0.0,0.0
872,의령군 동물보호센터,경상남도 의령군 의령읍 남강로 485-75  ,경상남도 의령군 의령읍 남강로 485-75  ,0.0,0.0
873,의령군 동물보호센터,경상남도 의령군 의령읍 남강로 485-75  ,경상남도 의령군 의령읍 남강로 485-75  ,0.0,0.0
874,거제시유기동물보호소,"경상남도 거제시 사등면 두동로1길 109 (사등면, 한국자원재생공사폐비닐적재장) 거제시유기동물보호소","경상남도 거제시 사등면 두동로1길 109 (사등면, 한국자원재생공사폐비닐적재장) 거제시유기동물보호소",0.0,0.0
875,거제시유기동물보호소,"경상남도 거제시 사등면 두동로1길 109 (사등면, 한국자원재생공사폐비닐적재장) 거제시유기동물보호소","경상남도 거제시 사등면 두동로1길 109 (사등면, 한국자원재생공사폐비닐적재장) 거제시유기동물보호소",0.0,0.0
876,거제시유기동물보호소,"경상남도 거제시 사등면 두동로1길 109 (사등면, 한국자원재생공사폐비닐적재장) 거제시유기동물보호소","경상남도 거제시 사등면 두동로1길 109 (사등면, 한국자원재생공사폐비닐적재장) 거제시유기동물보호소",0.0,0.0
877,사천시 동물보호센터,경상남도 사천시 용현면 진삼로 902  사천시유기동물보호소,경상남도 사천시 용현면 진삼로 902  사천시유기동물보호소,0.0,0.0
878,사천시 동물보호센터,경상남도 사천시 용현면 진삼로 902  사천시유기동물보호소,경상남도 사천시 용현면 진삼로 902  사천시유기동물보호소,0.0,0.0
879,사천시 동물보호센터,경상남도 사천시 용현면 진삼로 902  사천시유기동물보호소,경상남도 사천시 용현면 진삼로 902  사천시유기동물보호소,0.0,0.0
880,사천시 동물보호센터,경상남도 사천시 용현면 진삼로 902  사천시유기동물보호소,경상남도 사천시 용현면 진삼로 902  사천시유기동물보호소,0.0,0.0
881,사천시 동물보호센터,경상남도 사천시 용현면 진삼로 902  사천시유기동물보호소,경상남도 사천시 용현면 진삼로 902  사천시유기동물보호소,0.0,0.0
882,사천시 동물보호센터,경상남도 사천시 용현면 진삼로 902  사천시유기동물보호소,경상남도 사천시 용현면 진삼로 902  사천시유기동물보호소,0.0,0.0
883,진주시동물보호센터,"경상남도 진주시 집현면 신당길207번길 22 (집현면, 지역농업개발시설) ","경상남도 진주시 집현면 신당길207번길 22 (집현면, 지역농업개발시설) ",0.0,0.0
884,진주시동물보호센터,"경상남도 진주시 집현면 신당길207번길 22 (집현면, 지역농업개발시설) ","경상남도 진주시 집현면 신당길207번길 22 (집현면, 지역농업개발시설) ",0.0,0.0
885,진주시동물보호센터,"경상남도 진주시 집현면 신당길207번길 22 (집현면, 지역농업개발시설) ","경상남도 진주시 집현면 신당길207번길 22 (집현면, 지역농업개발시설) ",0.0,0.0
886,마산유기동물보호소,경상남도 창원시 마산합포구 진북면 지산2길 139-112 226-19,경상남도 창원시 마산합포구 진북면 지산2길 139-112 226-19,0.0,0.0
887,청도군동물보호소,경상북도 청도군 화양읍 청화3길 10  청도군 농업기술센터,경상북도 청도군 화양읍 청화3길 10  청도군 농업기술센터,0.0,0.0
888,청도군동물보호소,경상북도 청도군 화양읍 청화3길 10  청도군 농업기술센터,경상북도 청도군 화양읍 청화3길 10  청도군 농업기술센터,0.0,0.0
889,청도군동물보호소,경상북도 청도군 화양읍 청화3길 10  청도군 농업기술센터,경상북도 청도군 화양읍 청화3길 10  청도군 농업기술센터,0.0,0.0
890,영덕유기동물보호센터,경상북도 영덕군 영덕읍 구미2길 14-1 (영덕읍) 영덕군유기동물보호센터,경상북도 영덕군 영덕읍 구미2길 14-1 (영덕읍) 영덕군유기동물보호센터,0.0,0.0
891,영덕유기동물보호센터,경상북도 영덕군 영덕읍 구미2길 14-1 (영덕읍) 영덕군유기동물보호센터,경상북도 영덕군 영덕읍 구미2길 14-1 (영덕읍) 영덕군유기동물보호센터,0.0,0.0
892,경산시유기동물보호소,경상북도 경산시 용성면 사양지길 95 (용성면) ,경상북도 경산시 용성면 사양지길 95 (용성면) ,0.0,0.0
893,구미시 동물보호센터,경상북도 구미시 해평면 낙동대로 2206  ,경상북도 구미시 해평면 낙동대로 2206  ,36.2254166,128.3621271
894,구미시 동물보호센터,경상북도 구미시 해평면 낙동대로 2206  ,경상북도 구미시 해평면 낙동대로 2206  ,36.2254166,128.3621271
895,김천시 동물보호센터,경상북도 김천시 구성면 남김천대로 3296-22  하강리 44(김천시 유기동물보호센터),경상북도 김천시 구성면 남김천대로 3296-22  하강리 44(김천시 유기동물보호센터),0.0,0.0
896,김천시 동물보호센터,경상북도 김천시 구성면 남김천대로 3296-22  하강리 44(김천시 유기동물보호센터),경상북도 김천시 구성면 남김천대로 3296-22  하강리 44(김천시 유기동물보호센터),0.0,0.0
897,경주동물사랑보호센터,경상북도 경주시 천북면 천북로 8-4  경주시 동물사랑보호센터,경상북도 경주시 천북면 천북로 8-4  경주시 동물사랑보호센터,0.0,0.0
898,경주동물사랑보호센터,경상북도 경주시 천북면 천북로 8-4  경주시 동물사랑보호센터,경상북도 경주시 천북면 천북로 8-4  경주시 동물사랑보호센터,0.0,0.0
899,경주동물사랑보호센터,경상북도 경주시 천북면 천북로 8-4  경주시 동물사랑보호센터,경상북도 경주시 천북면 천북로 8-4  경주시 동물사랑보호센터,0.0,0.0
900,경주동물사랑보호센터,경상북도 경주시 천북면 천북로 8-4  경주시 동물사랑보호센터,경상북도 경주시 천북면 천북로 8-4  경주시 동물사랑보호센터,0.0,0.0
901,경주동물사랑보호센터,경상북도 경주시 천북면 천북로 8-4  경주시 동물사랑보호센터,경상북도 경주시 천북면 천북로 8-4  경주시 동물사랑보호센터,0.0,0.0
902,경주동물사랑보호센터,경상북도 경주시 천북면 천북로 8-4  경주시 동물사랑보호센터,경상북도 경주시 천북면 천북로 8-4  경주시 동물사랑보호센터,0.0,0.0
903,(사)영일동물플러스,경상북도 포항시 북구 흥해읍 덕장길 224 (흥해읍) ,경상북도 포항시 북구 흥해읍 덕장길 224 (흥해읍) ,0.0,0.0
904,학교동물임시보호센터,전라남도 함평군 학교면 송산길 84 (학교면) 월산리 806-1 ,전라남도 함평군 학교면 송산길 84 (학교면) 월산리 806-1 ,0.0,0.0
905,학교동물임시보호센터,전라남도 함평군 학교면 송산길 84 (학교면) 월산리 806-1 ,전라남도 함평군 학교면 송산길 84 (학교면) 월산리 806-1 ,0.0,0.0
906,학교동물임시보호센터,전라남도 함평군 학교면 송산길 84 (학교면) 월산리 806-1 ,전라남도 함평군 학교면 송산길 84 (학교면) 월산리 806-1 ,0.0,0.0
907,학교동물임시보호센터,전라남도 함평군 학교면 송산길 84 (학교면) 월산리 806-1 ,전라남도 함평군 학교면 송산길 84 (학교면) 월산리 806-1 ,0.0,0.0
908,학교동물임시보호센터,전라남도 함평군 학교면 송산길 84 (학교면) 월산리 806-1 ,전라남도 함평군 학교면 송산길 84 (학교면) 월산리 806-1 ,0.0,0.0
909,학교동물임시보호센터,전라남도 함평군 학교면 송산길 84 (학교면) 월산리 806-1 ,전라남도 함평군 학교면 송산길 84 (학교면) 월산리 806-1 ,0.0,0.0
910,학교동물임시보호센터,전라남도 함평군 학교면 송산길 84 (학교면) 월산리 806-1 ,전라남도 함평군 학교면 송산길 84 (학교면) 월산리 806-1 ,0.0,0.0
911,학교동물임시보호센터,전라남도 함평군 학교면 송산길 84 (학교면) 월산리 806-1 ,전라남도 함평군 학교면 송산길 84 (학교면) 월산리 806-1 ,0.0,0.0
912,학교동물임시보호센터,전라남도 함평군 학교면 송산길 84 (학교면) 월산리 806-1 ,전라남도 함평군 학교면 송산길 84 (학교면) 월산리 806-1 ,0.0,0.0
913,무안군유기동물보호소,전라남도 무안군 무안읍 면주길 99  ,전라남도 무안군 무안읍 면주길 99  ,0.0,0.0
914,유기동물 삼호 보호소,전라남도 영암군 삼호읍 녹색로 1117-49 (삼호읍) 영암유기동물 삼호보호소,전라남도 영암군 삼호읍 녹색로 1117-49 (삼호읍) 영암유기동물 삼호보호소,0.0,0.0
915,유기동물 삼호 보호소,전라남도 영암군 삼호읍 녹색로 1117-49 (삼호읍) 영암유기동물 삼호보호소,전라남도 영암군 삼호읍 녹색로 1117-49 (삼호읍) 영암유기동물 삼호보호소,0.0,0.0
916,유기동물 삼호 보호소,전라남도 영암군 삼호읍 녹색로 1117-49 (삼호읍) 영암유기동물 삼호보호소,전라남도 영암군 삼호읍 녹색로 1117-49 (삼호읍) 영암유기동물 삼호보호소,0.0,0.0
917,유기동물 삼호 보호소,전라남도 영암군 삼호읍 녹색로 1117-49 (삼호읍) 영암유기동물 삼호보호소,전라남도 영암군 삼호읍 녹색로 1117-49 (삼호읍) 영암유기동물 삼호보호소,0.0,0.0
918,강진군 유기견 보호소,"전라남도 강진군 강진읍 초지길 109-62 (강진읍, 강진군상하수도사업소) ","전라남도 강진군 강진읍 초지길 109-62 (강진읍, 강진군상하수도사업소) ",0.0,0.0
919,화순군유기동물보호소,전라남도 화순군 한천면 덕음로 115 (한천면) ,전라남도 화순군 한천면 덕음로 115 (한천면) ,0.0,0.0
920,화순군유기동물보호소,전라남도 화순군 한천면 덕음로 115 (한천면) ,전라남도 화순군 한천면 덕음로 115 (한천면) ,0.0,0.0
921,화순군유기동물보호소,전라남도 화순군 한천면 덕음로 115 (한천면) ,전라남도 화순군 한천면 덕음로 115 (한천면) ,0.0,0.0
922,보성유기동물보호센터,전라남도 보성군 노동면 노동천동길 221  ,전라남도 보성군 노동면 노동천동길 221  ,0.0,0.0
923,보성유기동물보호센터,전라남도 보성군 노동면 노동천동길 221  ,전라남도 보성군 노동면 노동천동길 221  ,0.0,0.0
924,고흥군임시보호센터,"전라남도 고흥군 포두면 우주로 607 (포두면, 소매점) ","전라남도 고흥군 포두면 우주로 607 (포두면, 소매점) ",0.0,0.0
925,고흥군임시보호센터,"전라남도 고흥군 포두면 우주로 607 (포두면, 소매점) ","전라남도 고흥군 포두면 우주로 607 (포두면, 소매점) ",0.0,0.0
926,고흥군임시보호센터,"전라남도 고흥군 포두면 우주로 607 (포두면, 소매점) ","전라남도 고흥군 포두면 우주로 607 (포두면, 소매점) ",0.0,0.0
927,고흥군임시보호센터,"전라남도 고흥군 포두면 우주로 607 (포두면, 소매점) ","전라남도 고흥군 포두면 우주로 607 (포두면, 소매점) ",0.0,0.0
928,고흥군임시보호센터,"전라남도 고흥군 포두면 우주로 607 (포두면, 소매점) ","전라남도 고흥군 포두면 우주로 607 (포두면, 소매점) ",0.0,0.0
929,고흥군임시보호센터,"전라남도 고흥군 포두면 우주로 607 (포두면, 소매점) ","전라남도 고흥군 포두면 우주로 607 (포두면, 소매점) ",0.0,0.0
930,고흥군임시보호센터,"전라남도 고흥군 포두면 우주로 607 (포두면, 소매점) ","전라남도 고흥군 포두면 우주로 607 (포두면, 소매점) ",0.0,0.0
931,고흥군임시보호센터,"전라남도 고흥군 포두면 우주로 607 (포두면, 소매점) ","전라남도 고흥군 포두면 우주로 607 (포두면, 소매점) ",0.0,0.0
932,고흥군임시보호센터,"전라남도 고흥군 포두면 우주로 607 (포두면, 소매점) ","전라남도 고흥군 포두면 우주로 607 (포두면, 소매점) ",0.0,0.0
933,고흥군임시보호센터,"전라남도 고흥군 포두면 우주로 607 (포두면, 소매점) ","전라남도 고흥군 포두면 우주로 607 (포두면, 소매점) ",0.0,0.0
934,고흥군임시보호센터,"전라남도 고흥군 포두면 우주로 607 (포두면, 소매점) ","전라남도 고흥군 포두면 우주로 607 (포두면, 소매점) ",0.0,0.0
935,고흥군임시보호센터,"전라남도 고흥군 포두면 우주로 607 (포두면, 소매점) ","전라남도 고흥군 포두면 우주로 607 (포두면, 소매점) ",0.0,0.0
936,고흥군임시보호센터,"전라남도 고흥군 포두면 우주로 607 (포두면, 소매점) ","전라남도 고흥군 포두면 우주로 607 (포두면, 소매점) ",0.0,0.0
937,고흥군임시보호센터,"전라남도 고흥군 포두면 우주로 607 (포두면, 소매점) ","전라남도 고흥군 포두면 우주로 607 (포두면, 소매점) ",0.0,0.0
938,고흥군임시보호센터,"전라남도 고흥군 포두면 우주로 607 (포두면, 소매점) ","전라남도 고흥군 포두면 우주로 607 (포두면, 소매점) ",0.0,0.0
939,고흥군임시보호센터,"전라남도 고흥군 포두면 우주로 607 (포두면, 소매점) ","전라남도 고흥군 포두면 우주로 607 (포두면, 소매점) ",0.0,0.0
940,광양시 임시보호소,전라남도 광양시 봉강면 인덕로 1169-20 (봉강면) 지곡리 864-24,전라남도 광양시 봉강면 인덕로 1169-20 (봉강면) 지곡리 864-24,0.0,0.0
941,광양시 임시보호소,전라남도 광양시 봉강면 인덕로 1169-20 (봉강면) 지곡리 864-24,전라남도 광양시 봉강면 인덕로 1169-20 (봉강면) 지곡리 864-24,0.0,0.0
942,나주유기동물보호센터,전라남도 나주시 산포면 내기3길 71-43 [*미고시] ,전라남도 나주시 산포면 내기3길 71-43 [*미고시] ,0.0,0.0
943,나주유기동물보호센터,전라남도 나주시 산포면 내기3길 71-43 [*미고시] ,전라남도 나주시 산포면 내기3길 71-43 [*미고시] ,0.0,0.0
944,순천시유기동물보호소,"전라남도 순천시 승주읍 승주로 628 (승주읍, 농업기술센터) 순천시유기동물보호소","전라남도 순천시 승주읍 승주로 628 (승주읍, 농업기술센터) 순천시유기동물보호소",0.0,0.0
945,순천시유기동물보호소,"전라남도 순천시 승주읍 승주로 628 (승주읍, 농업기술센터) 순천시유기동물보호소","전라남도 순천시 승주읍 승주로 628 (승주읍, 농업기술센터) 순천시유기동물보호소",0.0,0.0
946,순천시유기동물보호소,"전라남도 순천시 승주읍 승주로 628 (승주읍, 농업기술센터) 순천시유기동물보호소","전라남도 순천시 승주읍 승주로 628 (승주읍, 농업기술센터) 순천시유기동물보호소",0.0,0.0
947,순천시유기동물보호소,"전라남도 순천시 승주읍 승주로 628 (승주읍, 농업기술센터) 순천시유기동물보호소","전라남도 순천시 승주읍 승주로 628 (승주읍, 농업기술센터) 순천시유기동물보호소",0.0,0.0
948,순천시유기동물보호소,"전라남도 순천시 승주읍 승주로 628 (승주읍, 농업기술센터) 순천시유기동물보호소","전라남도 순천시 승주읍 승주로 628 (승주읍, 농업기술센터) 순천시유기동물보호소",0.0,0.0
949,순천시유기동물보호소,"전라남도 순천시 승주읍 승주로 628 (승주읍, 농업기술센터) 순천시유기동물보호소","전라남도 순천시 승주읍 승주로 628 (승주읍, 농업기술센터) 순천시유기동물보호소",0.0,0.0
950,유기동물보호소,"전라남도 여수시 주동1길 32 (주삼동, 여수시농업기술센터) 여수시 유기동물보호소","전라남도 여수시 주동1길 32 (주삼동, 여수시농업기술센터) 여수시 유기동물보호소",0.0,0.0
951,유기동물보호소,"전라남도 여수시 주동1길 32 (주삼동, 여수시농업기술센터) 여수시 유기동물보호소","전라남도 여수시 주동1길 32 (주삼동, 여수시농업기술센터) 여수시 유기동물보호소",0.0,0.0
952,유기동물보호소,"전라남도 여수시 주동1길 32 (주삼동, 여수시농업기술센터) 여수시 유기동물보호소","전라남도 여수시 주동1길 32 (주삼동, 여수시농업기술센터) 여수시 유기동물보호소",0.0,0.0
953,부안군 동물보호센터,전북특별자치도 부안군 주산면 주산로 369  부안군 동물보호센터,전북특별자치도 부안군 주산면 주산로 369  부안군 동물보호센터,0.0,0.0
954,완주군유기동물보호소,전라북도 완주군 용진읍 순지2길 187-6  ,전라북도 완주군 용진읍 순지2길 187-6  ,0.0,0.0
955,완주군유기동물보호소,전라북도 완주군 용진읍 순지2길 187-6  ,전라북도 완주군 용진읍 순지2길 187-6  ,0.0,0.0
956,전북말산업복합센터,전라북도 김제시 용지면 금백로 571-39 (용지면) 전북말산업복합센터,전라북도 김제시 용지면 금백로 571-39 (용지면) 전북말산업복합센터,0.0,0.0
957,전북말산업복합센터,전라북도 김제시 용지면 금백로 571-39 (용지면) 전북말산업복합센터,전라북도 김제시 용지면 금백로 571-39 (용지면) 전북말산업복합센터,0.0,0.0
958,전북말산업복합센터,전라북도 김제시 용지면 금백로 571-39 (용지면) 전북말산업복합센터,전라북도 김제시 용지면 금백로 571-39 (용지면) 전북말산업복합센터,0.0,0.0
959,전북말산업복합센터,전라북도 김제시 용지면 금백로 571-39 (용지면) 전북말산업복합센터,전라북도 김제시 용지면 금백로 571-39 (용지면) 전북말산업복합센터,0.0,0.0
960,전북말산업복합센터,전라북도 김제시 용지면 금백로 571-39 (용지면) 전북말산업복합센터,전라북도 김제시 용지면 금백로 571-39 (용지면) 전북말산업복합센터,0.0,0.0
961,전북말산업복합센터,전라북도 김제시 용지면 금백로 571-39 (용지면) 전북말산업복합센터,전라북도 김제시 용지면 금백로 571-39 (용지면) 전북말산업복합센터,0.0,0.0
962,인월동물병원,전북특별자치도 남원시 인월면 인월로 64  ,전북특별자치도 남원시 인월면 인월로 64  ,35.46248,127.60816
963,청원동물병원,전북특별자치도 남원시 죽항동 278번지,전북특별자치도 남원시 죽항동 278번지,0.0,0.0
964,청원동물병원,전북특별자치도 남원시 죽항동 278번지,전북특별자치도 남원시 죽항동 278번지,0.0,0.0
965,당진시동물보호소,충청남도 당진시 고대면 연동로 30-6 (고대면) ,충청남도 당진시 고대면 연동로 30-6 (고대면) ,0.0,0.0
966,최동물병원,충청남도 태안군 태안읍 남문리 504-6,충청남도 태안군 태안읍 남문리 504-6,36.752995,126.30594302785889
967,최동물병원,충청남도 태안군 태안읍 남문리 504-6,충청남도 태안군 태안읍 남문리 504-6,36.752995,126.30594302785889
968,남부여동물보호소,충청남도 부여군 임천면 위덕로47번길 36-12  (점리),충청남도 부여군 임천면 위덕로47번길 36-12  (점리),0.0,0.0
969,남부여동물보호소,충청남도 부여군 임천면 위덕로47번길 36-12  (점리),충청남도 부여군 임천면 위덕로47번길 36-12  (점리),0.0,0.0
970,서산시 동물보호센터,충청남도 서산시 인지면 무학재1길 99  ,충청남도 서산시 인지면 무학재1길 99  ,0.0,0.0
971,반려동물보호센터,충청북도 청주시 흥덕구 강내면 서부로 411-55 (강내면) ,충청북도 청주시 흥덕구 강내면 서부로 411-55 (강내면) ,0.0,0.0
972,반려동물보호센터,충청북도 청주시 흥덕구 강내면 서부로 411-55 (강내면) ,충청북도 청주시 흥덕구 강내면 서부로 411-55 (강내면) ,0.0,0.0
973,반려동물보호센터,충청북도 청주시 흥덕구 강내면 서부로 411-55 (강내면) ,충청북도 청주시 흥덕구 강내면 서부로 411-55 (강내면) ,0.0,0.0
974,반려동물보호센터,충청북도 청주시 흥덕구 강내면 서부로 411-55 (강내면) ,충청북도 청주시 흥덕구 강내면 서부로 411-55 (강내면) ,0.0,0.0
975,가정견훈련소,충청북도 증평군 도안면 입장길 239  ,충청북도 증평군 도안면 입장길 239  ,0.0,0.0
976,가정견훈련소,충청북도 증평군 도안면 입장길 239  ,충청북도 증평군 도안면 입장길 239  ,0.0,0.0
977,가정견훈련소,충청북도 증평군 도안면 입장길 239  ,충청북도 증평군 도안면 입장길 239  ,0.0,0.0
978,금왕동물병원,충청북도 음성군 금왕읍 대금로 1498 (금왕읍) 금왕동물병원,충청북도 음성군 금왕읍 대금로 1498 (금왕읍) 금왕동물병원,0.0,0.0
979,금왕동물병원,충청북도 음성군 금왕읍 대금로 1498 (금왕읍) 금왕동물병원,충청북도 음성군 금왕읍 대금로 1498 (금왕읍) 금왕동물병원,0.0,0.0
980,금왕동물병원,충청북도 음성군 금왕읍 대금로 1498 (금왕읍) 금왕동물병원,충청북도 음성군 금왕읍 대금로 1498 (금왕읍) 금왕동물병원,0.0,0.0
981,금왕동물병원,충청북도 음성군 금왕읍 대금로 1498 (금왕읍) 금왕동물병원,충청북도 음성군 금왕읍 대금로 1498 (금왕읍) 금왕동물병원,0.0,0.0
982,괴산증평동물보호센터,충청북도 증평군 도안면 입장길 239 (도안면) ,충청북도 증평군 도안면 입장길 239 (도안면) ,0.0,0.0
983,괴산증평동물보호센터,충청북도 증평군 도안면 입장길 239 (도안면) ,충청북도 증평군 도안면 입장길 239 (도안면) ,0.0,0.0
984,괴산증평동물보호센터,충청북도 증평군 도안면 입장길 239 (도안면) ,충청북도 증평군 도안면 입장길 239 (도안면) ,0.0,0.0
985,옥천동물병원,"충청북도 옥천군 옥천읍 삼금로 53 (옥천읍, 동물병원) 옥천동물병원","충청북도 옥천군 옥천읍 삼금로 53 (옥천읍, 동물병원) 옥천동물병원",0.0,0.0
986,충주시동물보호센터,충청북도 충주시 중앙탑면 일곱실길 70 (중앙탑면) ,충청북도 충주시 중앙탑면 일곱실길 70 (중앙탑면) ,0.0,0.0
987,충주시동물보호센터,충청북도 충주시 중앙탑면 일곱실길 70 (중앙탑면) ,충청북도 충주시 중앙탑면 일곱실길 70 (중앙탑면) ,0.0,0.0
988,충주시동물보호센터,충청북도 충주시 중앙탑면 일곱실길 70 (중앙탑면) ,충청북도 충주시 중앙탑면 일곱실길 70 (중앙탑면) ,0.0,0.0
989,충주시동물보호센터,충청북도 충주시 중앙탑면 일곱실길 70 (중앙탑면) ,충청북도 충주시 중앙탑면 일곱실길 70 (중앙탑면) ,0.0,0.0
990,충주시동물보호센터,충청북도 충주시 중앙탑면 일곱실길 70 (중앙탑면) ,충청북도 충주시 중앙탑면 일곱실길 70 (중앙탑면) ,0.0,0.0
991,충주시동물보호센터,충청북도 충주시 중앙탑면 일곱실길 70 (중앙탑면) ,충청북도 충주시 중앙탑면 일곱실길 70 (중앙탑면) ,0.0,0.0
992,충주시동물보호센터,충청북도 충주시 중앙탑면 일곱실길 70 (중앙탑면) ,충청북도 충주시 중앙탑면 일곱실길 70 (중앙탑면) ,0.0,0.0
993,충주시동물보호센터,충청북도 충주시 중앙탑면 일곱실길 70 (중앙탑면) ,충청북도 충주시 중앙탑면 일곱실길 70 (중앙탑면) ,0.0,0.0
994,양양군유기동물보호소,강원도 양양군 손양면 동막골길 115-35  .,강원도 양양군 손양면 동막골길 115-35  .,0.0,0.0
995,양양군유기동물보호소,강원도 양양군 손양면 동막골길 115-35  .,강원도 양양군 손양면 동막골길 115-35  .,0.0,0.0
996,유기견임시보호소,강원도 고성군 간성읍 꽃내마루길 53-49  ,강원도 고성군 간성읍 꽃내마루길 53-49  ,0.0,0.0
997,유기견임시보호소,강원도 고성군 간성읍 꽃내마루길 53-49  ,강원도 고성군 간성읍 꽃내마루길 53-49  ,0.0,0.0
998,강릉시 동물사랑센터,강원도 강릉시 성산면 내맬길 172  ,강원도 강릉시 성산면 내맬길 172  ,37.706784,128.8234942
999,춘천시 동물보호센터,강원도 춘천시 신북읍 영서로 3282 (신북읍) (전)102보충대 주차장,강원도 춘천시 신북읍 영서로 3282 (신북읍) (전)102보충대 주차장,0.0,0.0
